{"type":"FeatureCollection","features":[{"type":"Feature","geometry":{"type":"Point","coordinates":[-79.96733,32.72279]},"properties":{"id":"DESC_1","utility":"DESC","name":"Queensboro - Ft Johnson 115 kV & Queensboro-Bayfront 115kV (Queensboro-James Island Sect)","a":"Queensboro","b":"Ft Johnson","kv":[115],"status":"In Progress","start":"2023-01-01","isd":"2023-12-31","window_basis":"spending before 2024 (DESC budget 'Previous' column)","cost":5404301,"desc":"Replace the Queensboro \u2013 Ft Johnson 115 kV Line and structures as they have reached the end of life.","source_id":"6807 B","doc":"DESC Planned Transmission Projects $2M and above (2024-2028)","page":1,"conf":"medium","loc_a":{"name":"Queensboro","matched":"Queensborough Substation","method":"manual: Sperry sample (Projects_Overlaps.xlsx)","confidence":"high","note":"OSM has both 'Queensborough Substation' and a Santee Cooper switching station 570 m away; use Sperry's pick."},"loc_b":null,"fix":"Title lists two circuits; mapped as Queensboro - Ft Johnson (the section named first).","n_overlaps":0,"budget":{"Previous":4604301,"2024":800000,"2025":0,"2026":0,"2027":0,"2028":0,"Total":5404301},"budget_check":"years sum to the total","best_tier":null,"length_km":null}},{"type":"Feature","geometry":{"type":"Point","coordinates":[-79.92559,32.78434]},"properties":{"id":"DESC_2","utility":"DESC","name":"Union Pier 115-13.8 kV Sub: Tap","a":"Union Pier","b":"","kv":[115],"status":"Planned","start":"2025-01-01","isd":"2027-12-31","window_basis":"DESC budget: spending starts in 2025","cost":5300000,"desc":"Installing a 115 kV Tap to feed the future Union Pier 115 kV Sub.","source_id":"0167C-D","doc":"DESC Planned Transmission Projects $2M and above (2024-2028)","page":2,"conf":"low","loc_a":{"name":"Union Pier","matched":"Union Pier Terminal, 32 (approx.)","method":"approximate: Nominatim landuse/industrial (town/street level, not the substation itself)","confidence":"low","note":""},"loc_b":null,"fix":"","n_overlaps":0,"budget":{"Previous":0,"2024":0,"2025":100000,"2026":100000,"2027":5100000,"2028":0,"Total":5300000},"budget_check":"years sum to the total","best_tier":null,"length_km":null}},{"type":"Feature","geometry":{"type":"Point","coordinates":[-81.03249,32.33376]},"properties":{"id":"DESC_3","utility":"DESC","name":"Okatie 230-115kV Substation, Jasper \u2013 Yemassee 230kV #1 Fold-in","a":"Okatie","b":"","kv":[230,115],"status":"In Progress","start":"2023-01-01","isd":"2024-12-31","window_basis":"spending before 2024 (DESC budget 'Previous' column)","cost":11116933,"desc":"Expand existing Okatie Transmission sub, add a 230-115 autobank and fold the Jasper \u2013 Yemassee 230 kV #1 line into the 230 kV side. Construct two additional 115 kV bus tie lines.","source_id":"0139 M,N","doc":"DESC Planned Transmission Projects $2M and above (2024-2028)","page":3,"conf":"high","loc_a":{"name":"Okatie","matched":"unnamed OSM substation (10 m away)","method":"manual: Sperry sample (Projects_Overlaps.xlsx)","confidence":"high","note":"Not named in OSM; Sperry's verified coordinate sits on an unnamed substation."},"loc_b":null,"fix":"","n_overlaps":11,"budget":{"2025":1181000,"2026":0,"2027":0,"2028":0,"Total":11116933,"Previous":2717933,"2024":6631000},"budget_check":"source inconsistency: years sum to $10,529,933 but the total says $11,116,933","best_tier":4,"length_km":null}},{"type":"Feature","geometry":{"type":"LineString","coordinates":[[-79.84228,32.9414],[-79.78844,32.85994]]},"properties":{"id":"DESC_4","utility":"DESC","name":"Cainhoy - Hamlin 115kV: Rebuild Line and Cainhoy \u2013 Hamlin 115 kV #2: Construct New 115 kV Line","a":"Cainhoy","b":"Hamlin","kv":[115],"status":"In Progress","start":"2023-01-01","isd":"2025-12-01","window_basis":"spending before 2024 (DESC budget 'Previous' column)","cost":19890850,"desc":"Upgrade the 954 ACSR portion of the Cainhoy \u2013 Hamlin 115 kV line to B795 ACSR conductor, construct a new Cainhoy \u2013 Hamlin 115 kV #2 line, add terminals to Cainhoy and Hamlin sub to accommodate upgrades.","source_id":"6341 A-F","doc":"DESC Planned Transmission Projects $2M and above (2024-2028)","page":4,"conf":"high","loc_a":{"name":"Cainhoy","matched":"Cainhoy Substation","method":"OSM name match (exact)","confidence":"high","note":""},"loc_b":{"name":"Hamlin","matched":"Hamlin Substation","method":"OSM name match (exact)","confidence":"high","note":""},"fix":"","n_overlaps":0,"budget":{"Previous":1189020,"2024":6601830,"2025":11800000,"2026":300000,"2027":0,"2028":0,"Total":19890850},"budget_check":"years sum to the total","best_tier":null,"length_km":10.36}},{"type":"Feature","geometry":{"type":"Point","coordinates":[-79.46266,34.73939]},"properties":{"id":"DESC_5","utility":"DESC","name":"Eastover - Square D 115kV: Rebuild","a":"Eastover","b":"Square D","kv":[115],"status":"In Progress","start":"2023-01-01","isd":"2024-06-01","window_basis":"spending before 2024 (DESC budget 'Previous' column)","cost":11700000,"desc":"Replace wooden H-Frame structures with Self Supporting Steel Structures and restring with 1272 ACSR conductor.","source_id":"6808 J","doc":"DESC Planned Transmission Projects $2M and above (2024-2028)","page":5,"conf":"medium","loc_a":{"name":"Eastover","matched":"Eastover Solar Farm","method":"OSM name match (all name words present)","confidence":"medium","note":""},"loc_b":null,"fix":"","n_overlaps":0,"budget":{"Previous":9900000,"2024":1800000,"2025":0,"2026":0,"2027":0,"2028":0,"Total":11700000},"budget_check":"years sum to the total","best_tier":null,"length_km":null}},{"type":"Feature","geometry":{"type":"LineString","coordinates":[[-80.72102,32.43649],[-80.56066,32.38686]]},"properties":{"id":"DESC_6","utility":"DESC","name":"Burton-St Helena 115kV: Rebuild Burton-Frogmore Transmission Section","a":"Burton","b":"St Helena","kv":[115],"status":"In Progress","start":"2023-01-01","isd":"2024-12-31","window_basis":"spending before 2024 (DESC budget 'Previous' column)","cost":8580000,"desc":"Replace wooden structures with Self Supporting Steel Structures and restring with 1272 ACSR conductor for the Burton \u2013 Frogmore Transmission section.","source_id":"6808 K","doc":"DESC Planned Transmission Projects $2M and above (2024-2028)","page":6,"conf":"low","loc_a":{"name":"Burton","matched":"Burton Substation","method":"OSM name match (exact)","confidence":"high","note":""},"loc_b":{"name":"St Helena","matched":"Saint Helena Island, Beaufort County (approx.)","method":"approximate: Nominatim place/island (town/street level, not the substation itself)","confidence":"low","note":""},"fix":"","n_overlaps":1,"budget":{"Previous":4330000,"2024":4250000,"2025":0,"2026":0,"2027":0,"2028":0,"Total":8580000},"budget_check":"years sum to the total","best_tier":4,"length_km":16.03}},{"type":"Feature","geometry":{"type":"LineString","coordinates":[[-80.72102,32.43649],[-80.56066,32.38686]]},"properties":{"id":"DESC_7","utility":"DESC","name":"Burton-St Helena 115kV: Frogmore Distribution - St Helena","a":"Burton","b":"St Helena","kv":[115],"status":"In Progress","start":"2023-01-01","isd":"2025-12-31","window_basis":"spending before 2024 (DESC budget 'Previous' column)","cost":6925000,"desc":"Replace wooden structures with Self Supporting Steel Structures and upgrade to 795 ACSR for the Frogmore Distribution Tap \u2013 St. Helena section.","source_id":"6808 L","doc":"DESC Planned Transmission Projects $2M and above (2024-2028)","page":7,"conf":"low","loc_a":{"name":"Burton","matched":"Burton Substation","method":"OSM name match (exact)","confidence":"high","note":""},"loc_b":{"name":"St Helena","matched":"Saint Helena Island, Beaufort County (approx.)","method":"approximate: Nominatim place/island (town/street level, not the substation itself)","confidence":"low","note":""},"fix":"","n_overlaps":1,"budget":{"Previous":50000,"2024":50000,"2025":6825000,"2026":0,"2027":0,"2028":0,"Total":6925000},"budget_check":"years sum to the total","best_tier":4,"length_km":16.03}},{"type":"Feature","geometry":{"type":"LineString","coordinates":[[-81.3149,34.296],[-81.06156,34.05761]]},"properties":{"id":"DESC_8","utility":"DESC","name":"VCS1-Denny Terrace 230kV & VCS1-Pineland 230kV: Rebuild Single Circuit Sections","a":"VCS1","b":"Denny Terrace","kv":[230],"status":"In Progress","start":"2023-01-01","isd":"2026-12-31","window_basis":"spending before 2024 (DESC budget 'Previous' column)","cost":4912096,"desc":"Replace wooden H-Frame structures with Self Supporting Steel Structures and restring with standard 1272 ACSR conductor.","source_id":"6808 N,O","doc":"DESC Planned Transmission Projects $2M and above (2024-2028)","page":8,"conf":"high","loc_a":{"name":"VCS1","matched":"Virgil C. Summer Nuclear #1 Substation","method":"manual: OSM name (alias)","confidence":"high","note":"VCS1 = V.C. Summer Nuclear Station unit 1 switchyard."},"loc_b":{"name":"Denny Terrace","matched":"Denny Terrace Substation","method":"OSM name match (exact)","confidence":"high","note":""},"fix":"Title covers VCS1-Denny Terrace and VCS1-Pineland; OSM's only 'Pineland Substation' is ~190 km away near Estill, so only VCS1-Denny Terrace is mapped.","n_overlaps":0,"budget":{"Previous":332096,"2024":80000,"2025":100000,"2026":4400000,"2027":0,"2028":0,"Total":4912096},"budget_check":"years sum to the total","best_tier":null,"length_km":35.3}},{"type":"Feature","geometry":{"type":"LineString","coordinates":[[-80.62842,33.82131],[-80.93699,34.13694]]},"properties":{"id":"DESC_9","utility":"DESC","name":"Wateree-Killian 230kV: Rebuild","a":"Wateree","b":"Killian","kv":[230],"status":"In Progress","start":"2023-01-01","isd":"2028-12-31","window_basis":"spending before 2024 (DESC budget 'Previous' column)","cost":48224719,"desc":"Replace wooden H-Frame structures with Self Supporting Steel Structures.","source_id":"6808 R","doc":"DESC Planned Transmission Projects $2M and above (2024-2028)","page":9,"conf":"low","loc_a":{"name":"Wateree","matched":"Wateree Station","method":"OSM name match (exact)","confidence":"high","note":""},"loc_b":{"name":"Killian","matched":"Killian Green, Richland County (approx.)","method":"approximate: Nominatim place/neighbourhood (town/street level, not the substation itself)","confidence":"low","note":""},"fix":"","n_overlaps":0,"budget":{"Previous":174719,"2024":0,"2025":100000,"2026":450000,"2027":25000000,"2028":22500000,"Total":48224719},"budget_check":"years sum to the total","best_tier":null,"length_km":45.18}},{"type":"Feature","geometry":{"type":"LineString","coordinates":[[-81.03249,32.33376],[-80.85338,32.23503]]},"properties":{"id":"DESC_10","utility":"DESC","name":"Okatie-Bluffton 115kV: Rebuild","a":"Okatie","b":"Bluffton","kv":[115],"status":"In Progress","start":"2023-01-01","isd":"2025-06-01","window_basis":"spending before 2024 (DESC budget 'Previous' column)","cost":40660000,"desc":"Replace wooden H-Frame structures with Self Supporting Steel Structures and upgrade conductor to standard 1272 ACSR.","source_id":"6808 S","doc":"DESC Planned Transmission Projects $2M and above (2024-2028)","page":10,"conf":"high","loc_a":{"name":"Okatie","matched":"unnamed OSM substation (10 m away)","method":"manual: Sperry sample (Projects_Overlaps.xlsx)","confidence":"high","note":"Not named in OSM; Sperry's verified coordinate sits on an unnamed substation."},"loc_b":{"name":"Bluffton","matched":"Bluffton Substation","method":"OSM name match (exact)","confidence":"high","note":""},"fix":"","n_overlaps":11,"budget":{"Previous":6660000,"2024":26800000,"2025":7200000,"2026":0,"2027":0,"2028":0,"Total":40660000},"budget_check":"years sum to the total","best_tier":4,"length_km":20.1}},{"type":"Feature","geometry":{"type":"Point","coordinates":[-80.87703,33.90432]},"properties":{"id":"DESC_11","utility":"DESC","name":"Hopkins-CIP 230kV: Rebuild","a":"Hopkins","b":"CIP","kv":[230],"status":"Planned","start":"2024-01-01","isd":"2025-12-31","window_basis":"DESC budget: spending starts in 2024","cost":2600000,"desc":"Replace wooden H-Frame structures with Self Supporting Steel Structures.","source_id":"6808 U","doc":"DESC Planned Transmission Projects $2M and above (2024-2028)","page":11,"conf":"low","loc_a":{"name":"Hopkins","matched":"Hopkins, Richland County (approx.)","method":"approximate: Nominatim place/hamlet (town/street level, not the substation itself)","confidence":"low","note":""},"loc_b":null,"fix":"","n_overlaps":0,"budget":{"Previous":0,"2024":1000000,"2025":1600000,"2026":0,"2027":0,"2028":0,"Total":2600000},"budget_check":"years sum to the total","best_tier":null,"length_km":null}},{"type":"Feature","geometry":{"type":"LineString","coordinates":[[-80.01462,32.85008],[-79.96342,32.74212]]},"properties":{"id":"DESC_12","utility":"DESC","name":"Faber Place-Bayfront 115kV: Rebuild North Bridge Terrace to Bayfront Section","a":"Faber Place","b":"Bayfront","kv":[115],"status":"Planned","start":"2026-01-01","isd":"2028-12-31","window_basis":"DESC budget: spending starts in 2026","cost":10200000,"desc":"Replace wooden structures with Self Supporting Steel Structures and upgrade conductor to standard 1272 ACSR.","source_id":"6808 V","doc":"DESC Planned Transmission Projects $2M and above (2024-2028)","page":12,"conf":"low","loc_a":{"name":"Faber Place","matched":"Faber Place Substation","method":"OSM name match (exact)","confidence":"high","note":""},"loc_b":{"name":"Bayfront","matched":"Bayfront, James Island (approx.)","method":"approximate: Nominatim place/hamlet (town/street level, not the substation itself)","confidence":"low","note":""},"fix":"","n_overlaps":0,"budget":{"Previous":0,"2024":0,"2025":0,"2026":200000,"2027":5000000,"2028":5000000,"Total":10200000},"budget_check":"years sum to the total","best_tier":null,"length_km":12.92}},{"type":"Feature","geometry":{"type":"Point","coordinates":[-80.87703,33.90432]},"properties":{"id":"DESC_13","utility":"DESC","name":"Square D - Hopkins 115kV: Rebuild","a":"Square D","b":"Hopkins","kv":[115],"status":"In Progress","start":"2023-01-01","isd":"2024-09-30","window_basis":"spending before 2024 (DESC budget 'Previous' column)","cost":4300000,"desc":"Replace wooden H-Frame structures with Self Supporting Steel Structures and restring with 1272 ACSR conductor.","source_id":"6808 W","doc":"DESC Planned Transmission Projects $2M and above (2024-2028)","page":13,"conf":"low","loc_a":null,"loc_b":{"name":"Hopkins","matched":"Hopkins, Richland County (approx.)","method":"approximate: Nominatim place/hamlet (town/street level, not the substation itself)","confidence":"low","note":""},"fix":"","n_overlaps":0,"budget":{"Previous":1300000,"2024":3000000,"2025":0,"2026":0,"2027":0,"2028":0,"Total":4300000},"budget_check":"years sum to the total","best_tier":null,"length_km":null}},{"type":"Feature","geometry":{"type":"LineString","coordinates":[[-82.05136,33.5626],[-82.15948,33.65682]]},"properties":{"id":"DESC_14","utility":"DESC","name":"Stevens Creek - Hooks 115kV/LR Plumb Branch 46kV Rebuilds","a":"Stevens Creek","b":"Hooks","kv":[115,46],"status":"In Progress","start":"2023-01-01","isd":"2024-12-31","window_basis":"spending before 2024 (DESC budget 'Previous' column)","cost":11745543,"desc":"9.5 miles. Scope includes rebuilding the 115 and 46 kV lines in this corridor SPDC.","source_id":"6809 E","doc":"DESC Planned Transmission Projects $2M and above (2024-2028)","page":14,"conf":"medium","loc_a":{"name":"Stevens Creek","matched":"Stevens Creek Power Plant","method":"OSM name match (exact)","confidence":"high","note":""},"loc_b":{"name":"Hooks","matched":"GPC <-> SCG&E Compensator Station","method":"manual: OSM power-line trace","confidence":"medium","note":"Unnamed in OSM as 'Hooks'. The GPC-SCE&G tie station is 9.4 mi along the line from Stevens Creek (DESC says Stevens Creek-Hooks corridor is 9.5 mi) and ~2.0 mi from Thurmond (DESC: Hooks-Thurmond section ~2.3 mi)."},"fix":"","n_overlaps":6,"budget":{"Previous":8195543,"2024":3550000,"2025":0,"2026":0,"2027":0,"2028":0,"Total":11745543},"budget_check":"years sum to the total","best_tier":3,"length_km":14.49}},{"type":"Feature","geometry":{"type":"LineString","coordinates":[[-82.05136,33.5626],[-82.15948,33.65682]]},"properties":{"id":"DESC_15","utility":"DESC","name":"Stevens Creek - Hooks 115kV/LR Plumb Branch 46kV","a":"Stevens Creek","b":"Hooks","kv":[115,46],"status":"Planned","start":"2024-01-01","isd":"2025-12-31","window_basis":"DESC budget: spending starts in 2024","cost":7800000,"desc":"Upgrade 6.5 miles of aging conductor with 1272 ACSR and rebuild with SPDC.","source_id":"6809 G","doc":"DESC Planned Transmission Projects $2M and above (2024-2028)","page":15,"conf":"medium","loc_a":{"name":"Stevens Creek","matched":"Stevens Creek Power Plant","method":"OSM name match (exact)","confidence":"high","note":""},"loc_b":{"name":"Hooks","matched":"GPC <-> SCG&E Compensator Station","method":"manual: OSM power-line trace","confidence":"medium","note":"Unnamed in OSM as 'Hooks'. The GPC-SCE&G tie station is 9.4 mi along the line from Stevens Creek (DESC says Stevens Creek-Hooks corridor is 9.5 mi) and ~2.0 mi from Thurmond (DESC: Hooks-Thurmond section ~2.3 mi)."},"fix":"","n_overlaps":6,"budget":{"Previous":0,"2024":50000,"2025":200000,"2026":7550000,"2027":0,"2028":0,"Total":7800000},"budget_check":"years sum to the total","best_tier":3,"length_km":14.49}},{"type":"Feature","geometry":{"type":"Point","coordinates":[-81.05982,33.95376]},"properties":{"id":"DESC_16","utility":"DESC","name":"Edenwood Sub: #1 & #2 230-115kV Autobanks, Replace with 336MVA","a":"Edenwood","b":"","kv":[230,115],"status":"In Progress","start":"2023-01-01","isd":"2024-12-25","window_basis":"spending before 2024 (DESC budget 'Previous' column)","cost":10833462,"desc":"Replace Autobank 1 and 2 at Edenwood Substation.","source_id":"6805 G","doc":"DESC Planned Transmission Projects $2M and above (2024-2028)","page":16,"conf":"low","loc_a":{"name":"Edenwood","matched":"Edenwood, Cayce (approx.)","method":"approximate: Nominatim place/hamlet (town/street level, not the substation itself)","confidence":"low","note":""},"loc_b":null,"fix":"","n_overlaps":0,"budget":{"Previous":3300432,"2024":7533030,"2025":0,"2026":0,"2027":0,"2028":0,"Total":10833462},"budget_check":"years sum to the total","best_tier":null,"length_km":null}},{"type":"Feature","geometry":{"type":"Point","coordinates":[-80.45117,33.20991]},"properties":{"id":"DESC_18","utility":"DESC","name":"Harleyville 115KV Transmission Tap \u2013 Construct (1.4 miles)","a":"Harleyville","b":"","kv":[115],"status":"Planned","start":"2025-01-01","isd":"2027-03-31","window_basis":"DESC budget: spending starts in 2025","cost":2750000,"desc":"Extend the 115 kV line from the Blue Circle tap to the Harleyville substation to provide 115 kV service.","source_id":"06005 B","doc":"DESC Planned Transmission Projects $2M and above (2024-2028)","page":18,"conf":"high","loc_a":{"name":"Harleyville","matched":"Harleyville Substation","method":"OSM name match (exact)","confidence":"high","note":""},"loc_b":null,"fix":"","n_overlaps":0,"budget":{"Previous":0,"2024":0,"2025":250000,"2026":1500000,"2027":1000000,"2028":0,"Total":2750000},"budget_check":"years sum to the total","best_tier":null,"length_km":null}},{"type":"Feature","geometry":{"type":"Point","coordinates":[-80.22083,32.98737]},"properties":{"id":"DESC_19","utility":"DESC","name":"Summerville: Replace and Spare 230-115kV 336MVA Auto Bank","a":"Summerville","b":"","kv":[230,115],"status":"In Progress","start":"2023-01-01","isd":"2024-12-31","window_basis":"spending before 2024 (DESC budget 'Previous' column)","cost":3982052,"desc":"Purchase a spare 230/115kV, 336MVA Autobank for the Southern Region to be stored at Summerville 230kV Sub. Include a pad, AC for heaters, and possibly a pit for oil containment.","source_id":"05004 P","doc":"DESC Planned Transmission Projects $2M and above (2024-2028)","page":19,"conf":"medium","loc_a":{"name":"Summerville","matched":"Summerville Wastewater Treatment Substation","method":"OSM name match (all name words present)","confidence":"medium","note":""},"loc_b":null,"fix":"","n_overlaps":0,"budget":{"Previous":782052,"2024":3200000,"2025":0,"2026":0,"2027":0,"2028":0,"Total":3982052},"budget_check":"years sum to the total","best_tier":null,"length_km":null}},{"type":"Feature","geometry":{"type":"LineString","coordinates":[[-80.6206,33.0641],[-80.63038,32.78962]]},"properties":{"id":"DESC_20","utility":"DESC","name":"Canadys-Ritter 115KV-Rebld SPDC 230/115KV 1272 (Approx 18 Miles)","a":"Canadys","b":"Ritter","kv":[115,230],"status":"In Progress","start":"2023-01-01","isd":"2026-06-01","window_basis":"spending before 2024 (DESC budget 'Previous' column)","cost":40000000,"desc":"Rebuild Canadys-Ritter 115 kV line as SPDC with 230 kV on one side and 115 kV on the other side.","source_id":"06076A","doc":"DESC Planned Transmission Projects $2M and above (2024-2028)","page":20,"conf":"low","loc_a":{"name":"Canadys","matched":"Canadys Substation","method":"OSM name match (exact)","confidence":"high","note":""},"loc_b":{"name":"Ritter","matched":"Ritter, Colleton County (approx.)","method":"approximate: Nominatim place/hamlet (town/street level, not the substation itself)","confidence":"low","note":""},"fix":"","n_overlaps":0,"budget":{"Previous":100000,"2024":400000,"2025":19500000,"2026":20000000,"2027":0,"2028":0,"Total":40000000},"budget_check":"years sum to the total","best_tier":null,"length_km":30.53}},{"type":"Feature","geometry":{"type":"LineString","coordinates":[[-80.86379,32.69743],[-80.63038,32.78962]]},"properties":{"id":"DESC_21","utility":"DESC","name":"Yemassee\u2013 Ritter 230kV #1 & #2: Construct SPDC with B-1272","a":"Yemassee","b":"Ritter","kv":[230],"status":"Planned","start":"2023-01-01","isd":"2026-06-01","window_basis":"spending before 2024 (DESC budget 'Previous' column)","cost":40611419,"desc":"Construct Ritter \u2013 Yemassee 230kV #1 and #2 SPDC with B1272 ACSR on both sides. Convert the existing Ritter \u2013 Yemassee 230 kV to 115 kV operation. Convert and add terminals at Ritter and Yemassee. Add 230 kV bus tie at Ritter and upgrade the Yemassee 230 kV bus tie.","source_id":"6359","doc":"DESC Planned Transmission Projects $2M and above (2024-2028)","page":21,"conf":"low","loc_a":{"name":"Yemassee","matched":"Yemassee Substation","method":"OSM name match (exact)","confidence":"high","note":""},"loc_b":{"name":"Ritter","matched":"Ritter, Colleton County (approx.)","method":"approximate: Nominatim place/hamlet (town/street level, not the substation itself)","confidence":"low","note":""},"fix":"","n_overlaps":0,"budget":{"Previous":100000,"2024":1300000,"2025":18700000,"2026":20511419,"2027":0,"2028":0,"Total":40611419},"budget_check":"years sum to the total","best_tier":null,"length_km":24.12}},{"type":"Feature","geometry":{"type":"LineString","coordinates":[[-81.03249,32.33376],[-81.07584,32.21132]]},"properties":{"id":"DESC_22","utility":"DESC","name":"Riverport Tap: Construct Tap","a":"Okatie","b":"Riverport","kv":[],"status":"In Progress","start":"2023-01-01","isd":"2025-12-31","window_basis":"spending before 2024 (DESC budget 'Previous' column)","cost":34877427,"desc":"Construct Okatie \u2013 Riverport 230 kV to feed new Distribution substation.","source_id":"06367 A - C, H","doc":"DESC Planned Transmission Projects $2M and above (2024-2028)","page":22,"conf":"low","loc_a":{"name":"Okatie","matched":"unnamed OSM substation (10 m away)","method":"manual: Sperry sample (Projects_Overlaps.xlsx)","confidence":"high","note":"Not named in OSM; Sperry's verified coordinate sits on an unnamed substation."},"loc_b":{"name":"Riverport","matched":"Riverport Parkway, Hardeeville (approx.)","method":"approximate: Nominatim highway/unclassified (town/street level, not the substation itself)","confidence":"low","note":""},"fix":"Description: 'Construct Okatie - Riverport 230 kV to feed new Distribution substation.'","n_overlaps":15,"budget":{"2025":11489845,"2026":50000,"2027":0,"2028":0,"Total":34877427,"Previous":4337401,"2024":1900181},"budget_check":"source inconsistency: years sum to $17,777,427 but the total says $34,877,427","best_tier":4,"length_km":14.21}},{"type":"Feature","geometry":{"type":"LineString","coordinates":[[-81.1246,32.35912],[-81.03249,32.33376]]},"properties":{"id":"DESC_23","utility":"DESC","name":"Jasper \u2013 Okatie 230 kV #2: Construct","a":"Jasper","b":"Okatie","kv":[230],"status":"In Progress","start":"2023-01-01","isd":"2025-12-31","window_basis":"spending before 2024 (DESC budget 'Previous' column)","cost":23787423,"desc":"Construct a 230 kV line with B1272 ACSR from Jasper to Okatie 230/115kV Substation. The line is estimated to be 6.5 miles long. This makes Jasper a Medium Impact substation and will require a new CIP Hut.","source_id":"06367 D - G","doc":"DESC Planned Transmission Projects $2M and above (2024-2028)","page":23,"conf":"high","loc_a":{"name":"Jasper","matched":"Jasper Generating Plant","method":"OSM name match (exact)","confidence":"high","note":""},"loc_b":{"name":"Okatie","matched":"unnamed OSM substation (10 m away)","method":"manual: Sperry sample (Projects_Overlaps.xlsx)","confidence":"high","note":"Not named in OSM; Sperry's verified coordinate sits on an unnamed substation."},"fix":"","n_overlaps":12,"budget":{"Previous":9591713,"2024":5087710,"2025":9108000,"2026":0,"2027":0,"2028":0,"Total":23787423},"budget_check":"years sum to the total","best_tier":2,"length_km":9.1}},{"type":"Feature","geometry":{"type":"Point","coordinates":[-81.36057,33.65011]},"properties":{"id":"DESC_24","utility":"DESC","name":"Wagener 115kV Tap: Construct Tap","a":"Wagener","b":"","kv":[115],"status":"Planned","start":"2023-01-01","isd":"2025-12-31","window_basis":"spending before 2024 (DESC budget 'Previous' column)","cost":6005000,"desc":"Constructing a 115 kV Tap off the Edmund Switching Station- Owens Corning 115 kV Line to feed new Wagener Distribution substation.","source_id":"06371 D","doc":"DESC Planned Transmission Projects $2M and above (2024-2028)","page":24,"conf":"high","loc_a":{"name":"Wagener","matched":"Wagener Substation","method":"OSM name match (exact)","confidence":"high","note":""},"loc_b":null,"fix":"","n_overlaps":0,"budget":{"Previous":5000,"2024":2800000,"2025":3200000,"2026":0,"2027":0,"2028":0,"Total":6005000},"budget_check":"years sum to the total","best_tier":null,"length_km":null}},{"type":"Feature","geometry":{"type":"LineString","coordinates":[[-80.07028,32.83032],[-80.63038,32.78962]]},"properties":{"id":"DESC_25","utility":"DESC","name":"Church Creek - Ritter 230kV - Replace 38 Large Angles and Dead Ends","a":"Church Creek","b":"Ritter","kv":[230],"status":"In Progress","start":"2023-01-01","isd":"2024-06-01","window_basis":"spending before 2024 (DESC budget 'Previous' column)","cost":10850000,"desc":"Replace 6.5 miles of aging conductor.","source_id":"06372 A","doc":"DESC Planned Transmission Projects $2M and above (2024-2028)","page":25,"conf":"low","loc_a":{"name":"Church Creek","matched":"Church Creek Substation","method":"OSM name match (exact)","confidence":"high","note":""},"loc_b":{"name":"Ritter","matched":"Ritter, Colleton County (approx.)","method":"approximate: Nominatim place/hamlet (town/street level, not the substation itself)","confidence":"low","note":""},"fix":"","n_overlaps":0,"budget":{"Previous":3850000,"2024":7000000,"2025":0,"2026":0,"2027":0,"2028":0,"Total":10850000},"budget_check":"years sum to the total","best_tier":null,"length_km":52.54}},{"type":"Feature","geometry":{"type":"LineString","coordinates":[[-81.3149,34.296],[-81.69772,33.87218]]},"properties":{"id":"DESC_26","utility":"DESC","name":"VCS2-Ward 230kV: Rebuild Line","a":"VCS2","b":"Ward","kv":[230],"status":"Planned","start":"2026-01-01","isd":"2029-12-31","window_basis":"DESC budget: spending starts in 2026","cost":30000000,"desc":"Rebuild 40 miles of 230 kV line.","source_id":"06810 F","doc":"DESC Planned Transmission Projects $2M and above (2024-2028)","page":26,"conf":"medium","loc_a":{"name":"VCS2","matched":"Virgil C. Summer Nuclear #1 Substation","method":"manual: OSM name (alias)","confidence":"medium","note":"VCS2 = V.C. Summer unit 2 site; placed at the unit 1 switchyard."},"loc_b":{"name":"Ward","matched":"Ward Substation","method":"OSM name match (exact)","confidence":"high","note":""},"fix":"","n_overlaps":0,"budget":{"2025":0,"2026":500000,"Previous":0,"2024":0,"2027":9500000,"2028":10000000,"Total":30000000},"budget_check":"source inconsistency: years sum to $20,000,000 but the total says $30,000,000","best_tier":null,"length_km":58.85}},{"type":"Feature","geometry":{"type":"Point","coordinates":[-80.02516,32.95333]},"properties":{"id":"DESC_27","utility":"DESC","name":"Goose Creek Reservoir: Rebuild Transmission Line Crossings","a":"Goose Creek Reservoir","b":"","kv":[],"status":"In Progress","start":"2023-01-01","isd":"2024-12-31","window_basis":"spending before 2024 (DESC budget 'Previous' column)","cost":9655669,"desc":"Rebuilding the Williams Goose Creek 230 and 115 kV lines and the Williams - Faber Place 230 kV line across the Goose Creek Reservoir.","source_id":"06810 G","doc":"DESC Planned Transmission Projects $2M and above (2024-2028)","page":27,"conf":"low","loc_a":{"name":"Goose Creek Reservoir","matched":"Goose Creek Reservoir, Hanahan (approx.)","method":"approximate: Nominatim natural/water (town/street level, not the substation itself)","confidence":"low","note":""},"loc_b":null,"fix":"","n_overlaps":0,"budget":{"Previous":255669,"2024":9400000,"2025":0,"2026":0,"2027":0,"2028":0,"Total":9655669},"budget_check":"years sum to the total","best_tier":null,"length_km":null}},{"type":"Feature","geometry":{"type":"Point","coordinates":[-80.22083,32.98737]},"properties":{"id":"DESC_28","utility":"DESC","name":"Summerville 115kV Loop: Rebuild","a":"Summerville","b":"","kv":[115],"status":"In Progress","start":"2023-01-01","isd":"2024-12-31","window_basis":"spending before 2024 (DESC budget 'Previous' column)","cost":12475000,"desc":"Replacing several wood pole sections on the Summerville 115 kV Loop that have reached the end of life.","source_id":"06810 H","doc":"DESC Planned Transmission Projects $2M and above (2024-2028)","page":28,"conf":"medium","loc_a":{"name":"Summerville","matched":"Summerville Wastewater Treatment Substation","method":"OSM name match (all name words present)","confidence":"medium","note":""},"loc_b":null,"fix":"","n_overlaps":0,"budget":{"Previous":2475000,"2024":6000000,"2025":4000000,"2026":0,"2027":0,"2028":0,"Total":12475000},"budget_check":"years sum to the total","best_tier":null,"length_km":null}},{"type":"Feature","geometry":{"type":"LineString","coordinates":[[-80.59201,33.19939],[-80.32398,33.89766]]},"properties":{"id":"DESC_29","utility":"DESC","name":"St George - Sumter 230kV Tie: Rebuild Line from Santee Substation - Duke/Progress Energy Tie","a":"St George","b":"Sumter","kv":[230],"status":"Planned","start":"2024-01-01","isd":"2025-12-31","window_basis":"DESC budget: spending starts in 2024","cost":4000000,"desc":"Rebuild Line from Santee Substation - Duke/Progress Energy Tie.","source_id":"6809 M","doc":"DESC Planned Transmission Projects $2M and above (2024-2028)","page":29,"conf":"high","loc_a":{"name":"St George","matched":"Saint George Switching Station","method":"OSM name match (exact)","confidence":"high","note":""},"loc_b":{"name":"Sumter","matched":"Sumter Substation","method":"OSM name match (exact)","confidence":"high","note":""},"fix":"","n_overlaps":0,"budget":{"Previous":0,"2024":300000,"2025":3700000,"2026":0,"2027":0,"2028":0,"Total":4000000},"budget_check":"years sum to the total","best_tier":null,"length_km":81.52}},{"type":"Feature","geometry":{"type":"Point","coordinates":[-80.99012,33.91628]},"properties":{"id":"DESC_30","utility":"DESC","name":"Coit \u2013 Gills Creek 115kV: Construct","a":"Coit","b":"Gills Creek","kv":[115],"status":"In Progress","start":"2023-01-01","isd":"2024-12-31","window_basis":"spending before 2024 (DESC budget 'Previous' column)","cost":2509602,"desc":"Convert the existing Coit - Gills Creek 33 kV Line to 115 kV. Approximately 1.25 miles. Construct Gills Creek Terminal at Coit Bus #1.","source_id":"5392 A-C","doc":"DESC Planned Transmission Projects $2M and above (2024-2028)","page":30,"conf":"low","loc_a":null,"loc_b":{"name":"Gills Creek","matched":"Gills Creek, Richland County (approx.)","method":"approximate: Nominatim waterway/stream (town/street level, not the substation itself)","confidence":"low","note":""},"fix":"","n_overlaps":0,"budget":{"Previous":330954,"2024":2178648,"2025":0,"2026":0,"2027":0,"2028":0,"Total":2509602},"budget_check":"years sum to the total","best_tier":null,"length_km":null}},{"type":"Feature","geometry":{"type":"LineString","coordinates":[[-82.15948,33.65682],[-82.19593,33.66013]]},"properties":{"id":"DESC_31","utility":"DESC","name":"Hooks - Thurmond 115kV Tie: Rebuild","a":"Hooks","b":"Thurmond","kv":[115],"status":"In Progress","start":"2023-01-01","isd":"2024-12-31","window_basis":"spending before 2024 (DESC budget 'Previous' column)","cost":2200080,"desc":"Rebuilding section of line between Hooks and Thurmond. Approximately 2.3 miles. The line will be rebuilt on existing R/W using steel poles, 115 kV insulation, and 1272 ACSR conductor.","source_id":"6810 A","doc":"DESC Planned Transmission Projects $2M and above (2024-2028)","page":31,"conf":"medium","loc_a":{"name":"Hooks","matched":"GPC <-> SCG&E Compensator Station","method":"manual: OSM power-line trace","confidence":"medium","note":"Unnamed in OSM as 'Hooks'. The GPC-SCE&G tie station is 9.4 mi along the line from Stevens Creek (DESC says Stevens Creek-Hooks corridor is 9.5 mi) and ~2.0 mi from Thurmond (DESC: Hooks-Thurmond section ~2.3 mi)."},"loc_b":{"name":"Thurmond","matched":"Thurmond Substation","method":"OSM name match (exact)","confidence":"high","note":""},"fix":"","n_overlaps":5,"budget":{"Previous":50080,"2024":2150000,"2025":0,"2026":0,"2027":0,"2028":0,"Total":2200080},"budget_check":"years sum to the total","best_tier":1,"length_km":3.39}},{"type":"Feature","geometry":{"type":"LineString","coordinates":[[-81.56444,33.91349],[-81.21683,34.05343]]},"properties":{"id":"DESC_32","utility":"DESC","name":"Batesburg - Saluda County 115kV: Rebuild","a":"Batesburg","b":"Saluda County","kv":[115],"status":"In Progress","start":"2023-01-01","isd":"2025-12-31","window_basis":"spending before 2024 (DESC budget 'Previous' column)","cost":8750000,"desc":"Rebuild 13.5 miles of conductor.","source_id":"6809 N","doc":"DESC Planned Transmission Projects $2M and above (2024-2028)","page":32,"conf":"medium","loc_a":{"name":"Batesburg","matched":"Batesburg Substation","method":"OSM name match (exact)","confidence":"high","note":""},"loc_b":{"name":"Saluda County","matched":"Saluda Hydroelectric Plant","method":"OSM name match (exact (ignoring qualifiers))","confidence":"medium","note":""},"fix":"","n_overlaps":0,"budget":{"Previous":50000,"2024":200000,"2025":8500000,"2026":0,"2027":0,"2028":0,"Total":8750000},"budget_check":"years sum to the total","best_tier":null,"length_km":35.63}},{"type":"Feature","geometry":{"type":"Point","coordinates":[-79.65535,33.22683]},"properties":{"id":"DESC_34","utility":"DESC","name":"Dawson 230kV Sub and Fold-in: Construct and Rebuild","a":"Dawson","b":"","kv":[230],"status":"In Progress","start":"2023-01-01","isd":"2026-10-01","window_basis":"spending before 2024 (DESC budget 'Previous' column)","cost":93538207,"desc":"Construct Dawson 230kV substation. Fold in the existing Canadys \u2013 Church Creek and Canadys \u2013 Faber Place 230kV lines at the Dawson 230kV substation (phase 1). Rebuild Canadys \u2013 Dawson 230kV #1 and #2 with B1272 ACSR (phase 2).","source_id":"6859","doc":"DESC Planned Transmission Projects $2M and above (2024-2028)","page":34,"conf":"low","loc_a":{"name":"Dawson","matched":"Dawson Ridge, Berkeley County (approx.)","method":"approximate: Nominatim place/island (town/street level, not the substation itself)","confidence":"low","note":""},"loc_b":null,"fix":"","n_overlaps":0,"budget":{"Previous":284366,"2024":8014000,"2025":45475000,"2026":39764841,"2027":0,"2028":0,"Total":93538207},"budget_check":"years sum to the total","best_tier":null,"length_km":null}},{"type":"Feature","geometry":{"type":"LineString","coordinates":[[-81.90921,33.43338],[-81.66933,33.53463]]},"properties":{"id":"DESC_35","utility":"DESC","name":"Urquhart \u2013 Toolebeck 115kV line: Rebuild","a":"Urquhart","b":"Toolebeck","kv":[115],"status":"In Progress","start":"2023-01-01","isd":"2026-08-12","window_basis":"spending before 2024 (DESC budget 'Previous' column)","cost":17520000,"desc":"Upgrade the 477 ACSR portions of the Urquhart \u2013 Toolebeck 115 kV line to 1272 ACSR. Replace existing structures with Single Pole Double Circuit Structures. Approximately 12.5 miles.","source_id":"6852","doc":"DESC Planned Transmission Projects $2M and above (2024-2028)","page":35,"conf":"high","loc_a":{"name":"Urquhart","matched":"Urquhart Station","method":"OSM name match (exact)","confidence":"high","note":""},"loc_b":{"name":"Toolebeck","matched":"Toolebeck Substation","method":"OSM name match (exact)","confidence":"high","note":""},"fix":"","n_overlaps":5,"budget":{"Previous":100000,"2024":100000,"2025":8660000,"2026":8660000,"2027":0,"2028":0,"Total":17520000},"budget_check":"years sum to the total","best_tier":3,"length_km":24.93}},{"type":"Feature","geometry":{"type":"LineString","coordinates":[[-79.93217,33.0177],[-80.22083,32.98737]]},"properties":{"id":"DESC_36","utility":"DESC","name":"Williams-Summerville 230kV: Upgrade to SPDC B1272 ACSR","a":"Williams","b":"Summerville","kv":[230],"status":"Planned","start":"2024-01-01","isd":"2027-05-01","window_basis":"DESC budget: spending starts in 2024","cost":19300000,"desc":"Rebuild the section of the Williams - Summerville 230 kV line from Ladson Jct to Williams. Line to upgraded to B-1272 and designed for a future second circuit. Approximately 10 miles.","source_id":"6388 A","doc":"DESC Planned Transmission Projects $2M and above (2024-2028)","page":36,"conf":"medium","loc_a":{"name":"Williams","matched":"Williams Substation","method":"OSM name match (exact)","confidence":"high","note":""},"loc_b":{"name":"Summerville","matched":"Summerville Wastewater Treatment Substation","method":"OSM name match (all name words present)","confidence":"medium","note":""},"fix":"","n_overlaps":0,"budget":{"Previous":0,"2024":50000,"2025":250000,"2026":9000000,"2027":10000000,"2028":0,"Total":19300000},"budget_check":"years sum to the total","best_tier":null,"length_km":27.13}},{"type":"Feature","geometry":{"type":"Point","coordinates":[-79.84228,32.9414]},"properties":{"id":"DESC_37","utility":"DESC","name":"Cainhoy 115 kV Tap: Construct","a":"Cainhoy","b":"","kv":[115],"status":"Planned","start":"2024-01-01","isd":"2027-12-31","window_basis":"DESC budget: spending starts in 2024","cost":21850000,"desc":"Construct a 115 kV tap from Cainhoy to Clements Ferry. Approximately 2.8 miles. Construct terminal at Cainhoy.","source_id":"0147 C, K","doc":"DESC Planned Transmission Projects $2M and above (2024-2028)","page":37,"conf":"high","loc_a":{"name":"Cainhoy","matched":"Cainhoy Substation","method":"OSM name match (exact)","confidence":"high","note":""},"loc_b":null,"fix":"","n_overlaps":0,"budget":{"Previous":0,"2024":50000,"2025":900000,"2026":10250000,"2027":10650000,"2028":0,"Total":21850000},"budget_check":"years sum to the total","best_tier":null,"length_km":null}},{"type":"Feature","geometry":{"type":"Point","coordinates":[-79.9045,32.91938]},"properties":{"id":"DESC_38","utility":"DESC","name":"Jack Primus 115 kV Tap: Construct","a":"Jack Primus","b":"","kv":[115],"status":"Planned","start":"2024-01-01","isd":"2027-12-31","window_basis":"DESC budget: spending starts in 2024","cost":18000000,"desc":"Construct a 115 kV tap from Jack Primus to Clements Ferry. Approximately 2.2 miles. Construct terminals at Jack Primus.","source_id":"0147 B, J","doc":"DESC Planned Transmission Projects $2M and above (2024-2028)","page":38,"conf":"high","loc_a":{"name":"Jack Primus","matched":"Jack Primus Substation","method":"OSM name match (exact)","confidence":"high","note":""},"loc_b":null,"fix":"","n_overlaps":0,"budget":{"Previous":0,"2024":50000,"2025":550000,"2026":8500000,"2027":8900000,"2028":0,"Total":18000000},"budget_check":"years sum to the total","best_tier":null,"length_km":null}},{"type":"Feature","geometry":{"type":"LineString","coordinates":[[-80.07028,32.83032],[-80.01462,32.85008]]},"properties":{"id":"DESC_39","utility":"DESC","name":"Church Creek \u2013 Faber Place \u2013 Charleston Transmission: Add 230kV Line","a":"Church Creek","b":"Faber Place","kv":[230],"status":"In Progress","start":"2023-01-01","isd":"2027-05-01","window_basis":"spending before 2024 (DESC budget 'Previous' column)","cost":34174682,"desc":"Construct a 230 kV transmission line from Church Creek to Charleston Transmission. The Church Creek \u2013 Faber Place 230kV and 115kV lines will be rebuilt, and a 230kV line will be added between Faber Place and Charleston Transmission. Add 230/115kV transformer at Charleston Transmission. Add/upgrade terminals and bus work at impacted substations.","source_id":"6847 A-B, D-H","doc":"DESC Planned Transmission Projects $2M and above (2024-2028)","page":39,"conf":"high","loc_a":{"name":"Church Creek","matched":"Church Creek Substation","method":"OSM name match (exact)","confidence":"high","note":""},"loc_b":{"name":"Faber Place","matched":"Faber Place Substation","method":"OSM name match (exact)","confidence":"high","note":""},"fix":"","n_overlaps":0,"budget":{"Previous":1772338,"2024":975000,"2025":4250000,"2026":21063338,"2027":6114006,"2028":0,"Total":34174682},"budget_check":"years sum to the total","best_tier":null,"length_km":5.64}},{"type":"Feature","geometry":{"type":"LineString","coordinates":[[-80.64036,33.88649],[-80.32398,33.89766]]},"properties":{"id":"DESC_40","utility":"DESC","name":"Eastover \u2013 Sumter 115kV DEP Tie: Rebuild with 1272 ACSR","a":"Eastover","b":"Sumter","kv":[115],"status":"Planned","start":"2024-01-01","isd":"2026-05-31","window_basis":"DESC budget: spending starts in 2024","cost":1100000,"desc":"Upgrade the DESC section (approx. 1 mile) of the tie line from 397.5 ACSR Ibis to 1272 ACSR.","source_id":"6846 A","doc":"DESC Planned Transmission Projects $2M and above (2024-2028)","page":40,"conf":"medium","loc_a":{"name":"Eastover","matched":"Sylvamo Eastover Facility Cogeneration","method":"OSM name match (all name words present)","confidence":"medium","note":""},"loc_b":{"name":"Sumter","matched":"Sumter Substation","method":"OSM name match (exact)","confidence":"high","note":""},"fix":"Eastover - Sumter 115 kV DEP (Duke Energy Progress) tie.","n_overlaps":0,"budget":{"Previous":0,"2024":75000,"2025":175000,"2026":850000,"2027":0,"2028":0,"Total":1100000},"budget_check":"years sum to the total","best_tier":null,"length_km":29.23}},{"type":"Feature","geometry":{"type":"LineString","coordinates":[[-80.709,33.56367],[-80.57972,33.53238]]},"properties":{"id":"DESC_41","utility":"DESC","name":"Cameron Jct \u2013 Elloree 46 kV Rebuild","a":"Cameron Jct","b":"Elloree","kv":[46],"status":"Planned","start":"2025-01-01","isd":"2026-12-31","window_basis":"DESC budget: spending starts in 2025","cost":4500000,"desc":"Rebuilding the Cameron Jct \u2013 Elloree 46 kV Line. 7.3 miles.","source_id":"6810 U","doc":"DESC Planned Transmission Projects $2M and above (2024-2028)","page":41,"conf":"medium","loc_a":{"name":"Cameron Jct","matched":"Cameron Substation","method":"OSM name match (exact (ignoring qualifiers))","confidence":"medium","note":""},"loc_b":{"name":"Elloree","matched":"Elloree Substation","method":"OSM name match (exact)","confidence":"high","note":""},"fix":"","n_overlaps":0,"budget":{"Previous":0,"2024":0,"2025":200000,"2026":4300000,"2027":0,"2028":0,"Total":4500000},"budget_check":"years sum to the total","best_tier":null,"length_km":12.47}},{"type":"Feature","geometry":{"type":"LineString","coordinates":[[-80.57972,33.53238],[-80.12529,33.42341]]},"properties":{"id":"DESC_42","utility":"DESC","name":"Elloree \u2013 Santee City 46 kV: Rebuild","a":"Elloree","b":"Santee City","kv":[46],"status":"Planned","start":"2027-01-01","isd":"2027-12-31","window_basis":"DESC budget: spending starts in 2027","cost":4500000,"desc":"Rebuilding the 46 kV line between Elloree and Santee City. 7 miles.","source_id":"6810 J","doc":"DESC Planned Transmission Projects $2M and above (2024-2028)","page":42,"conf":"high","loc_a":{"name":"Elloree","matched":"Elloree Substation","method":"OSM name match (exact)","confidence":"high","note":""},"loc_b":{"name":"Santee City","matched":"Santee Substation","method":"OSM name match (exact (ignoring qualifiers))","confidence":"high","note":""},"fix":"","n_overlaps":0,"budget":{"Previous":0,"2024":0,"2025":0,"2026":0,"2027":4500000,"2028":0,"Total":4500000},"budget_check":"years sum to the total","best_tier":null,"length_km":43.85}},{"type":"Feature","geometry":{"type":"Point","coordinates":[-81.90921,33.43338]},"properties":{"id":"DESC_43","utility":"DESC","name":"Urquhart \u2013 Aiken PSA 46 kV: Rebuild","a":"Urquhart","b":"Aiken PSA","kv":[46],"status":"Planned","start":"2027-01-01","isd":"2027-12-31","window_basis":"DESC budget: spending starts in 2027","cost":3000000,"desc":"Rebuilding the section of 46 kV line from Urquhart to the Aiken PSA tap point. TBD if the scope of this project includes rebuilding the actual tap Aiken PSA. 4.5 miles.","source_id":"6810 O","doc":"DESC Planned Transmission Projects $2M and above (2024-2028)","page":43,"conf":"medium","loc_a":{"name":"Urquhart","matched":"Urquhart Station","method":"OSM name match (exact)","confidence":"high","note":""},"loc_b":null,"fix":"","n_overlaps":5,"budget":{"Previous":0,"2024":0,"2025":0,"2026":0,"2027":3000000,"2028":0,"Total":3000000},"budget_check":"years sum to the total","best_tier":3,"length_km":null}},{"type":"Feature","geometry":{"type":"LineString","coordinates":[[-80.709,33.56367],[-80.709,33.56367]]},"properties":{"id":"DESC_44","utility":"DESC","name":"Cameron Jct \u2013 Cameron \u2013 St Matthews 46 kV Rebuild","a":"Cameron Jct","b":"Cameron","kv":[46],"status":"Planned","start":"2028-01-01","isd":"2028-12-31","window_basis":"DESC budget: spending starts in 2028","cost":5900000,"desc":"Rebuilding the 46 kV line between Cameron Jct and St Matthews. 9.8 miles.","source_id":"6810 T","doc":"DESC Planned Transmission Projects $2M and above (2024-2028)","page":44,"conf":"medium","loc_a":{"name":"Cameron Jct","matched":"Cameron Substation","method":"OSM name match (exact (ignoring qualifiers))","confidence":"medium","note":""},"loc_b":{"name":"Cameron","matched":"Cameron Substation","method":"OSM name match (exact)","confidence":"high","note":""},"fix":"","n_overlaps":0,"budget":{"Previous":0,"2024":0,"2025":0,"2026":0,"2027":0,"2028":5900000,"Total":5900000},"budget_check":"years sum to the total","best_tier":null,"length_km":0.0}},{"type":"Feature","geometry":{"type":"LineString","coordinates":[[-81.68078,31.29346],[-81.90067,30.83301]]},"properties":{"id":"GPC_21046","utility":"GPC","name":"THALMANN AND COLERAIN 23O KV LINE RELAY PANEL UPGRADES","a":"THALMANN","b":"COLERAIN","kv":[230],"status":"New Project","start":"2024-12-01","isd":"2025-06-01","window_basis":"published start date","cost":null,"desc":"Relay protection modifications at GPC's Thalmann and Colerain substations to match relay scheme used at GTC's new Camden Industrial Park 230/115kV substation.","source_id":"21046","doc":"Georgia Power 2025 IRP Vol. 3 (public disclosure): 2024 GA ITS Ten-Year Plan (2025-2034)","page":214,"conf":"low","loc_a":{"name":"THALMANN","matched":"Thalmann Substation","method":"OSM name match (exact)","confidence":"high","note":""},"loc_b":{"name":"COLERAIN","matched":"Colerain, Camden County (approx.)","method":"approximate: Nominatim place/hamlet (town/street level, not the substation itself)","confidence":"low","note":""},"fix":"","n_overlaps":0,"budget":null,"budget_check":"","best_tier":null,"length_km":55.32}},{"type":"Feature","geometry":{"type":"Point","coordinates":[-82.63628,34.00183]},"properties":{"id":"GPC_20326","utility":"GPC","name":"ANTHONY SHOALS STATCOM SYSTEM","a":"ANTHONY SHOALS","b":"","kv":[],"status":"New Project","start":"2023-08-04","isd":"2025-12-31","window_basis":"published start date","cost":null,"desc":"Install a + 150 / - 150 MVAR turnkey STATCOM system at Anthony Shoals 230kV substation.","source_id":"20326","doc":"Georgia Power 2025 IRP Vol. 3 (public disclosure): 2024 GA ITS Ten-Year Plan (2025-2034)","page":215,"conf":"high","loc_a":{"name":"ANTHONY SHOALS","matched":"Anthony Shoals Substation","method":"OSM name match (exact)","confidence":"high","note":""},"loc_b":null,"fix":"","n_overlaps":0,"budget":null,"budget_check":"","best_tier":null,"length_km":null}},{"type":"Feature","geometry":{"type":"Point","coordinates":[-81.25315,32.00679]},"properties":{"id":"GPC_17075","utility":"GPC","name":"SAV: LITTLE OGEECHEE 230-115KV: RELAY MODERNIZATION","a":"LITTLE OGEECHEE","b":"","kv":[230,115],"status":"New Project","start":"2022-06-01","isd":"2025-12-31","window_basis":"published start date","cost":null,"desc":"Relay modernization with conversion of the 230kV ring bus to BAAH topology and addition of BAAH rung for Big Ogeechee - Little Ogeechee (Red) 230kV Line. Rebuild 115kV straight bus to BAAH design.","source_id":"17075","doc":"Georgia Power 2025 IRP Vol. 3 (public disclosure): 2024 GA ITS Ten-Year Plan (2025-2034)","page":216,"conf":"high","loc_a":{"name":"LITTLE OGEECHEE","matched":"Little Ogeechee Substation","method":"OSM name match (exact)","confidence":"high","note":""},"loc_b":null,"fix":"","n_overlaps":1,"budget":null,"budget_check":"","best_tier":4,"length_km":null}},{"type":"Feature","geometry":{"type":"Point","coordinates":[-84.46297,33.67635]},"properties":{"id":"GPC_20491","utility":"GPC","name":"EAST POINT RELAY MODERNIZATION","a":"EAST POINT","b":"","kv":[],"status":"New Project","start":"2024-01-01","isd":"2026-06-01","window_basis":"published start date","cost":null,"desc":"Upgrade protection on 230kV buses, 115kV buses, and 230/115kV auto transformer at the East Point station. Add adequate monitoring on DC supply.","source_id":"20491","doc":"Georgia Power 2025 IRP Vol. 3 (public disclosure): 2024 GA ITS Ten-Year Plan (2025-2034)","page":217,"conf":"high","loc_a":{"name":"EAST POINT","matched":"East Point Primary Substation","method":"OSM name match (exact (ignoring qualifiers))","confidence":"high","note":""},"loc_b":null,"fix":"","n_overlaps":0,"budget":null,"budget_check":"","best_tier":null,"length_km":null}},{"type":"Feature","geometry":{"type":"Point","coordinates":[-83.56356,32.99533]},"properties":{"id":"GPC_20474","utility":"GPC","name":"GRADY 230/115KV RELAY MODERNIZATION","a":"GRADY","b":"","kv":[230,115],"status":"New Project","start":"2024-01-01","isd":"2026-06-01","window_basis":"published start date","cost":null,"desc":"Upgrade protection on 230kV bus, all 115kV buses, and both 230/115kV auto transformers at Grady. Add adequate monitoring on DC supply. Install a 230kV breaker and associated switches on the high side of Grady 230/115kV auto transformer D.","source_id":"20474","doc":"Georgia Power 2025 IRP Vol. 3 (public disclosure): 2024 GA ITS Ten-Year Plan (2025-2034)","page":218,"conf":"low","loc_a":{"name":"GRADY","matched":"Gray Substation","method":"OSM name match (fuzzy 0.89)","confidence":"low","note":""},"loc_b":null,"fix":"","n_overlaps":0,"budget":null,"budget_check":"","best_tier":null,"length_km":null}},{"type":"Feature","geometry":{"type":"Point","coordinates":[-84.12449,33.63698]},"properties":{"id":"GPC_20490","utility":"GPC","name":"KLONDIKE RELAY MODERNIZATION","a":"KLONDIKE","b":"","kv":[],"status":"New Project","start":"2024-01-01","isd":"2026-06-01","window_basis":"published start date","cost":null,"desc":"Upgrade protection on 230kV buses at the Klondike station. Add adequate monitoring on DC supply.","source_id":"20490","doc":"Georgia Power 2025 IRP Vol. 3 (public disclosure): 2024 GA ITS Ten-Year Plan (2025-2034)","page":219,"conf":"high","loc_a":{"name":"KLONDIKE","matched":"Klondike Substation","method":"OSM name match (exact)","confidence":"high","note":""},"loc_b":null,"fix":"","n_overlaps":0,"budget":null,"budget_check":"","best_tier":null,"length_km":null}},{"type":"Feature","geometry":{"type":"Point","coordinates":[-84.33346,33.60593]},"properties":{"id":"GPC_20300","utility":"GPC","name":"MORROW 115KV RELAY UPGRADE","a":"MORROW","b":"","kv":[115],"status":"New Project","start":"2024-06-01","isd":"2026-06-01","window_basis":"published start date","cost":null,"desc":"Upgrade protection scheme on all three 115kV buses at Morrow.","source_id":"20300","doc":"Georgia Power 2025 IRP Vol. 3 (public disclosure): 2024 GA ITS Ten-Year Plan (2025-2034)","page":220,"conf":"high","loc_a":{"name":"MORROW","matched":"Morrow Substation","method":"OSM name match (exact)","confidence":"high","note":""},"loc_b":null,"fix":"","n_overlaps":0,"budget":null,"budget_check":"","best_tier":null,"length_km":null}},{"type":"Feature","geometry":{"type":"Point","coordinates":[-84.26991,33.79711]},"properties":{"id":"GPC_20489","utility":"GPC","name":"SCOTTDALE RELAY MODERNIZATION","a":"SCOTTDALE","b":"","kv":[],"status":"New Project","start":"2024-01-01","isd":"2026-06-01","window_basis":"published start date","cost":null,"desc":"Upgrade protection on 230kV bus and 230/115kV auto transformers at the Scottdale station. Add adequate monitoring on DC supply.","source_id":"20489","doc":"Georgia Power 2025 IRP Vol. 3 (public disclosure): 2024 GA ITS Ten-Year Plan (2025-2034)","page":221,"conf":"low","loc_a":{"name":"SCOTTDALE","matched":"Scottdale, Clarkston (approx.)","method":"approximate: Nominatim boundary/census (town/street level, not the substation itself)","confidence":"low","note":""},"loc_b":null,"fix":"","n_overlaps":0,"budget":null,"budget_check":"","best_tier":null,"length_km":null}},{"type":"Feature","geometry":{"type":"Point","coordinates":[-84.90595,33.35112]},"properties":{"id":"GPC_20668","utility":"GPC","name":"DRESDEN LINE PROTECTIVE RELAYING","a":"DRESDEN","b":"","kv":[],"status":"New Project","start":"2024-12-01","isd":"2026-12-01","window_basis":"published start date","cost":null,"desc":"On the O'Hara - Wansley 500kV line, replace the protective relay panels associated with the 500kV line terminal facing Dresden, at both O'Hara and Wansley.","source_id":"20668","doc":"Georgia Power 2025 IRP Vol. 3 (public disclosure): 2024 GA ITS Ten-Year Plan (2025-2034)","page":222,"conf":"high","loc_a":{"name":"DRESDEN","matched":"Dresden Substation","method":"OSM name match (exact)","confidence":"high","note":""},"loc_b":null,"fix":"","n_overlaps":0,"budget":null,"budget_check":"","best_tier":null,"length_km":null}},{"type":"Feature","geometry":{"type":"Point","coordinates":[-84.91563,32.61017]},"properties":{"id":"GPC_18832","utility":"GPC","name":"MEAG: FORTSON SUBSTATION MODERNIZATION","a":"FORTSON","b":"","kv":[],"status":"Project delayed from 2024 to 2027","start":"2025-01-01","isd":"2027-01-13","window_basis":"published start date","cost":null,"desc":"Complete modernization and replacement of obsolete equipment and relays for the 500kV, 230kV, and 115kV yards. Add a redundant relay scheme at Fortson.","source_id":"18832","doc":"Georgia Power 2025 IRP Vol. 3 (public disclosure): 2024 GA ITS Ten-Year Plan (2025-2034)","page":223,"conf":"high","loc_a":{"name":"FORTSON","matched":"Fortson Substation","method":"OSM name match (exact)","confidence":"high","note":""},"loc_b":null,"fix":"","n_overlaps":0,"budget":null,"budget_check":"","best_tier":null,"length_km":null}},{"type":"Feature","geometry":{"type":"Point","coordinates":[-84.36739,33.4819]},"properties":{"id":"GPC_21022","utility":"GPC","name":"OHARA BREAKER REPLACEMENT","a":"OHARA","b":"","kv":[],"status":"New Project","start":"2025-10-01","isd":"2026-10-01","window_basis":"published start date","cost":null,"desc":"Replace Breaker on the Ohara - Tara 115kV Line at the Ohara Substation.","source_id":"21022","doc":"Georgia Power 2025 IRP Vol. 3 (public disclosure): 2024 GA ITS Ten-Year Plan (2025-2034)","page":225,"conf":"low","loc_a":{"name":"OHARA","matched":"O'Hara Substation","method":"OSM name match (fuzzy 0.91)","confidence":"low","note":""},"loc_b":null,"fix":"","n_overlaps":0,"budget":null,"budget_check":"","best_tier":null,"length_km":null}},{"type":"Feature","geometry":{"type":"LineString","coordinates":[[-81.17511,32.35212],[-81.12243,32.36884]]},"properties":{"id":"GPC_20277","utility":"GPC","name":"SAV: MCINTOSH - PURRYSBURG 230KV REACTORS","a":"MCINTOSH","b":"PURRYSBURG","kv":[230],"status":"New Project","start":"2024-01-01","isd":"2026-06-01","window_basis":"published start date","cost":null,"desc":"Install reactors on the McIntosh - Purrysburg (Black and White) 230kV tie lines at McIntosh. Rebuild 0.1 miles (GPC portion) for both lines to (2) 200C 1351 ACSS conductor.","source_id":"20277","doc":"Georgia Power 2025 IRP Vol. 3 (public disclosure): 2024 GA ITS Ten-Year Plan (2025-2034)","page":227,"conf":"medium","loc_a":{"name":"MCINTOSH","matched":"McIntosh Substation","method":"OSM name match (exact)","confidence":"high","note":""},"loc_b":{"name":"PURRYSBURG","matched":"unnamed 230/115 kV substation (SC side of McIntosh tie lines)","method":"manual: OSM power-line trace","confidence":"medium","note":"The McIntosh-Purrysburg 230 kV tie lines leave McIntosh eastward and end at this unnamed 230/115 kV substation in SC, 0.8 km from DESC's Jasper substation."},"fix":"","n_overlaps":6,"budget":null,"budget_check":"","best_tier":2,"length_km":5.29}},{"type":"Feature","geometry":{"type":"LineString","coordinates":[[-82.82141,34.35708],[-82.82017,34.33933]]},"properties":{"id":"GPC_21111","utility":"GPC","name":"GTC: HARTWELL DAM - HARTWELL ENERGY 230KV SERIES REACTORS","a":"HARTWELL DAM","b":"HARTWELL ENERGY","kv":[230],"status":"New Project","start":"2027-06-01","isd":"2030-06-01","window_basis":"published start date","cost":null,"desc":"GTC: Replace the 1600A series reactors on the Hartwell Dam - Hartwell Energy 230kV line with 3000A.","source_id":"21111","doc":"Georgia Power 2025 IRP Vol. 3 (public disclosure): 2024 GA ITS Ten-Year Plan (2025-2034)","page":228,"conf":"high","loc_a":{"name":"HARTWELL DAM","matched":"Hartwell Lake Dam","method":"OSM name match (exact (ignoring qualifiers))","confidence":"high","note":""},"loc_b":{"name":"HARTWELL ENERGY","matched":"Hartwell Energy Facility","method":"OSM name match (exact)","confidence":"high","note":""},"fix":"","n_overlaps":0,"budget":null,"budget_check":"","best_tier":null,"length_km":1.98}},{"type":"Feature","geometry":{"type":"LineString","coordinates":[[-82.82017,34.33933],[-83.35861,34.42254]]},"properties":{"id":"GPC_21113","utility":"GPC","name":"GTC: HARTWELL ENERGY - MIDDLE FORK 230KV LINE","a":"HARTWELL ENERGY","b":"MIDDLE FORK","kv":[230],"status":"New Project","start":"2027-06-01","isd":"2030-06-01","window_basis":"published start date","cost":null,"desc":"Construct a new 230kV line, approx. 35 miles, from Hartwell Energy to Middle Fork with 200C (2) 1351 ACSS conductor. GTC: Expand Hartwell Energy 230kV and Middle Fork 230kV as necessary to install breakers to accept new line termination.","source_id":"21113","doc":"Georgia Power 2025 IRP Vol. 3 (public disclosure): 2024 GA ITS Ten-Year Plan (2025-2034)","page":229,"conf":"low","loc_a":{"name":"HARTWELL ENERGY","matched":"Hartwell Energy Facility","method":"OSM name match (exact)","confidence":"high","note":""},"loc_b":{"name":"MIDDLE FORK","matched":"Middle Fork Broad River, Franklin County (approx.)","method":"approximate: Nominatim waterway/river (town/street level, not the substation itself)","confidence":"low","note":""},"fix":"","n_overlaps":0,"budget":null,"budget_check":"","best_tier":null,"length_km":50.27}},{"type":"Feature","geometry":{"type":"Point","coordinates":[-81.46093,32.16662]},"properties":{"id":"GPC_19523","utility":"GPC","name":"SAV: CC - HYUNDAI MOTORS SAVANNAH AKA. PROJECT EA","a":"HYUNDAI MOTORS","b":"","kv":[],"status":"New Project","start":"2022-06-01","isd":"2025-04-25","window_basis":"published start date","cost":null,"desc":"Construct a new Hyundai 230kV substation with an eight element 230kV ring bus and four 230/25kV banks. Construct a new Newton Rd 230kV substation with a five element 230kV ring bus and loop through the Little Ogeechee - Meldrim Black and White 230kV lines. Build two new 230kV lines connecting from Hyundai - Newton Rd (12 miles) and Hyundai - Meldrim (10 miles). At Meldrim, add a breaker to accommodate for the new Hyundai line. Install a 115/25kV bank at Interstate Centre and build a new 115kV line from Interstate Centre - Hyundai (2.3 miles) for bridge power.","source_id":"19523","doc":"Georgia Power 2025 IRP Vol. 3 (public disclosure): 2024 GA ITS Ten-Year Plan (2025-2034)","page":231,"conf":"high","loc_a":{"name":"HYUNDAI MOTORS","matched":"Hyundai Motors Substation","method":"OSM name match (exact)","confidence":"high","note":""},"loc_b":null,"fix":"'CC - HYUNDAI MOTORS SAVANNAH aka Project EA': customer connection to the Hyundai Metaplant substation; 'CC' is not a place.","n_overlaps":2,"budget":null,"budget_check":"","best_tier":4,"length_km":null}},{"type":"Feature","geometry":{"type":"LineString","coordinates":[[-83.46405,34.25677],[-83.73962,34.24948]]},"properties":{"id":"GPC_18670","utility":"GPC","name":"GTC: BANKS CROSSING - POND FORK 115 KV","a":"BANKS CROSSING","b":"POND FORK","kv":[115],"status":"Project delayed from 2024 to 2025","start":"2021-06-01","isd":"2025-05-01","window_basis":"published start date","cost":null,"desc":"GTC will build a new 115kV line from McClure Industrial to structure 21N on the Ridgeway Church Road Junction or tap point (approximately 3 miles). Close normally open switch at Ridgeway Church Road to establish the Banks Crossing - Pond Fork 115kV line. All new conductors should be 100C 1351 ACSR Martin.","source_id":"18670","doc":"Georgia Power 2025 IRP Vol. 3 (public disclosure): 2024 GA ITS Ten-Year Plan (2025-2034)","page":232,"conf":"low","loc_a":{"name":"BANKS CROSSING","matched":"Banks Crossing, Banks County (approx.)","method":"approximate: Nominatim place/hamlet (town/street level, not the substation itself)","confidence":"low","note":""},"loc_b":{"name":"POND FORK","matched":"Pond Fork, Frontier Trail (approx.)","method":"approximate: Nominatim waterway/stream (town/street level, not the substation itself)","confidence":"low","note":""},"fix":"","n_overlaps":0,"budget":null,"budget_check":"","best_tier":null,"length_km":25.34}},{"type":"Feature","geometry":{"type":"LineString","coordinates":[[-84.13384,31.44712],[-83.54913,31.47809]]},"properties":{"id":"GPC_18492","utility":"GPC","name":"MITCHELL - NORTH TIFTON 230KV RECONDUCTOR","a":"MITCHELL","b":"NORTH TIFTON","kv":[230],"status":"Project delayed from 2024 to 2025","start":"2021-12-31","isd":"2025-05-01","window_basis":"published start date","cost":null,"desc":"Rebuild 35.21 miles of the Mitchell - North Tifton 230kV line from 100C 795 ACSR to 100C 1351 ACSR.","source_id":"18492","doc":"Georgia Power 2025 IRP Vol. 3 (public disclosure): 2024 GA ITS Ten-Year Plan (2025-2034)","page":233,"conf":"high","loc_a":{"name":"MITCHELL","matched":"Mitchell Substation (230kV)","method":"OSM name match (exact)","confidence":"high","note":""},"loc_b":{"name":"NORTH TIFTON","matched":"North Tifton Substation (500kV)","method":"OSM name match (exact)","confidence":"high","note":""},"fix":"","n_overlaps":0,"budget":null,"budget_check":"","best_tier":null,"length_km":55.57}},{"type":"Feature","geometry":{"type":"Point","coordinates":[-84.50521,33.75927]},"properties":{"id":"GPC_19676","utility":"GPC","name":"ADAMSVILLE - JACK MCDONOUGH 230KV LINE REBUILD","a":"ADAMSVILLE","b":"JACK MCDONOUGH","kv":[230],"status":"New Project","start":"2023-06-01","isd":"2025-06-01","window_basis":"published start date","cost":null,"desc":"Rebuild the entire 6.1 mile Adamsville - Jack McDonough 230kV line with 160C 1351 ACSS.","source_id":"19676","doc":"Georgia Power 2025 IRP Vol. 3 (public disclosure): 2024 GA ITS Ten-Year Plan (2025-2034)","page":234,"conf":"low","loc_a":{"name":"ADAMSVILLE","matched":"Adamsville, Atlanta (approx.)","method":"approximate: Nominatim place/quarter (town/street level, not the substation itself)","confidence":"low","note":""},"loc_b":null,"fix":"","n_overlaps":0,"budget":null,"budget_check":"","best_tier":null,"length_km":null}},{"type":"Feature","geometry":{"type":"Point","coordinates":[-83.70046,32.68514]},"properties":{"id":"GPC_18800","utility":"GPC","name":"ECHECONNEE-WELLSTON 115KV REBUILD","a":"ECHECONNEE","b":"WELLSTON","kv":[115],"status":"No Change","start":"2024-01-01","isd":"2025-06-01","window_basis":"published start date","cost":null,"desc":"Rebuild the South Warner Robins to Wellston section (1.2 miles) with 100C 1351.5 ACSR Martin conductor.","source_id":"18800","doc":"Georgia Power 2025 IRP Vol. 3 (public disclosure): 2024 GA ITS Ten-Year Plan (2025-2034)","page":235,"conf":"low","loc_a":{"name":"ECHECONNEE","matched":"Echeconnee, Houston County (approx.)","method":"approximate: Nominatim place/hamlet (town/street level, not the substation itself)","confidence":"low","note":""},"loc_b":null,"fix":"","n_overlaps":0,"budget":null,"budget_check":"","best_tier":null,"length_km":null}},{"type":"Feature","geometry":{"type":"Point","coordinates":[-85.14272,33.70919]},"properties":{"id":"GPC_19187","utility":"GPC","name":"GRID - BREMEN - CROOKED CREEK (APC) 115 KV PROJECT","a":"GRID","b":"BREMEN","kv":[115],"status":"New Project","start":"2021-09-01","isd":"2025-06-01","window_basis":"published start date","cost":null,"desc":"Rebuild from Bremen to Indian Creek Road, on the Bremen - Crooked Creek 115kV line (14 miles), using 795 ACSR conductor at 100C.","source_id":"19187","doc":"Georgia Power 2025 IRP Vol. 3 (public disclosure): 2024 GA ITS Ten-Year Plan (2025-2034)","page":236,"conf":"medium","loc_a":null,"loc_b":{"name":"BREMEN","matched":"Bremen Primary Substation","method":"OSM name match (exact (ignoring qualifiers))","confidence":"high","note":""},"fix":"","n_overlaps":0,"budget":null,"budget_check":"","best_tier":null,"length_km":null}},{"type":"Feature","geometry":{"type":"LineString","coordinates":[[-83.60002,32.56479],[-83.70046,32.68514]]},"properties":{"id":"GPC_18153","utility":"GPC","name":"GTC: BONAIRE PRI-ECHECONNEE 115 KV PARTIAL REBUILD","a":"BONAIRE PRIMARY","b":"ECHECONNEE","kv":[115],"status":"Project advanced from 2030 to 2025","start":"2023-01-01","isd":"2025-06-01","window_basis":"published start date","cost":null,"desc":"Rebuild 2.3 miles of the Bonaire Primary - Echeconnee 115kV line with 100C ACSR 795 conductor.","source_id":"18153","doc":"Georgia Power 2025 IRP Vol. 3 (public disclosure): 2024 GA ITS Ten-Year Plan (2025-2034)","page":237,"conf":"low","loc_a":{"name":"BONAIRE PRIMARY","matched":"Bonaire Primary Substation","method":"OSM name match (exact)","confidence":"high","note":""},"loc_b":{"name":"ECHECONNEE","matched":"Echeconnee, Houston County (approx.)","method":"approximate: Nominatim place/hamlet (town/street level, not the substation itself)","confidence":"low","note":""},"fix":"","n_overlaps":0,"budget":null,"budget_check":"","best_tier":null,"length_km":16.36}},{"type":"Feature","geometry":{"type":"Point","coordinates":[-83.40252,33.30448]},"properties":{"id":"GPC_20590","utility":"GPC","name":"GTC: EATONTON PRIMARY - LICK CREEK 115KV LINE SWITCH REPLACEMENT","a":"EATONTON PRIMARY","b":"LICK CREEK","kv":[115],"status":"New Project","start":"2023-12-01","isd":"2025-06-01","window_basis":"published start date","cost":null,"desc":"Replace a 1200A RLB line switch on the Eatonton - Lake Oconee 115kV line with a with motor operator and SCADA controls. This switch is located on GTC's Eatonton Primary - Lick Creek 115kV section of the Eatonton Primary - Lake Oconee 115kV Line.","source_id":"20590","doc":"Georgia Power 2025 IRP Vol. 3 (public disclosure): 2024 GA ITS Ten-Year Plan (2025-2034)","page":239,"conf":"medium","loc_a":{"name":"EATONTON PRIMARY","matched":"Eatonton Substation","method":"OSM name match (exact (ignoring qualifiers))","confidence":"high","note":""},"loc_b":null,"fix":"","n_overlaps":0,"budget":null,"budget_check":"","best_tier":null,"length_km":null}},{"type":"Feature","geometry":{"type":"LineString","coordinates":[[-81.92495,31.60311],[-81.7437,31.7216]]},"properties":{"id":"GPC_11821","utility":"GPC","name":"JESUP - LUDOWICI PRIMARY 115KV REBUILD","a":"JESUP","b":"LUDOWICI PRIMARY","kv":[115],"status":"Project delayed from 2024 to 2025","start":"2023-06-01","isd":"2025-06-01","window_basis":"published start date","cost":null,"desc":"Rebuild approximately 7.5 miles of the Jesup - North Jesup - Rayonier section of the Jesup - Ludowici Primary 115kV line from 100C 336.4 ACSR Linnet conductor to 100C 795 ACSR Drake conductor.","source_id":"11821","doc":"Georgia Power 2025 IRP Vol. 3 (public disclosure): 2024 GA ITS Ten-Year Plan (2025-2034)","page":240,"conf":"medium","loc_a":{"name":"JESUP","matched":"Jesup Substation","method":"OSM name match (exact)","confidence":"medium","note":""},"loc_b":{"name":"LUDOWICI PRIMARY","matched":"Ludowici Primary Substation","method":"OSM name match (exact)","confidence":"high","note":""},"fix":"","n_overlaps":0,"budget":null,"budget_check":"","best_tier":null,"length_km":21.63}},{"type":"Feature","geometry":{"type":"LineString","coordinates":[[-83.73995,32.56338],[-83.60002,32.56479]]},"properties":{"id":"GPC_13787","utility":"GPC","name":"MEAG: AULTMAN ROAD - BONAIRE PRIMARY 115 KV REBUILD","a":"AULTMAN ROAD","b":"BONAIRE PRIMARY","kv":[115],"status":"New Project","start":"2023-06-01","isd":"2025-06-01","window_basis":"published start date","cost":null,"desc":"MEAG: Rebuild approximately 1.99 miles of Sleepy Hollow - Peach Blossom 115kV section of the Aultman Road - Bonaire Primary 115kV line from 100C 336 ACSR to 100C 795 ACSR. GTC: Replace the jumpers at Sleepy Hollow with 1590 AAC.","source_id":"13787","doc":"Georgia Power 2025 IRP Vol. 3 (public disclosure): 2024 GA ITS Ten-Year Plan (2025-2034)","page":242,"conf":"low","loc_a":{"name":"AULTMAN ROAD","matched":"Altman Road Substation","method":"OSM name match (fuzzy 0.96)","confidence":"low","note":""},"loc_b":{"name":"BONAIRE PRIMARY","matched":"Bonaire Primary Substation","method":"OSM name match (exact)","confidence":"high","note":""},"fix":"","n_overlaps":0,"budget":null,"budget_check":"","best_tier":null,"length_km":13.11}},{"type":"Feature","geometry":{"type":"Point","coordinates":[-84.21343,33.93256]},"properties":{"id":"GPC_20464","utility":"GPC","name":"NORCROSS 230KV BUS 1-3 SERIES BUS TIE BREAKER INSTALLATION","a":"NORCROSS","b":"","kv":[230],"status":"New Project","start":"2023-11-01","isd":"2025-06-01","window_basis":"published start date","cost":null,"desc":"Install a bus tie breaker in series with existing bus tie breaker between 230kV Bus 1 and Bus 3 at Norcross.","source_id":"20464","doc":"Georgia Power 2025 IRP Vol. 3 (public disclosure): 2024 GA ITS Ten-Year Plan (2025-2034)","page":243,"conf":"high","loc_a":{"name":"NORCROSS","matched":"Norcross Substation","method":"OSM name match (exact)","confidence":"high","note":""},"loc_b":null,"fix":"","n_overlaps":0,"budget":null,"budget_check":"","best_tier":null,"length_km":null}},{"type":"Feature","geometry":{"type":"Point","coordinates":[-83.22799,30.88165]},"properties":{"id":"GPC_19631","utility":"GPC","name":"PINE GROVE PRIMARY 115 KV DUAL STAGE CAPACITOR BANK","a":"PINE GROVE PRIMARY","b":"","kv":[115],"status":"New Project","start":"2023-11-01","isd":"2025-06-01","window_basis":"published start date","cost":null,"desc":"Install a Dual Stage 30MVAR capacitor bank at Pine Grove Primary.","source_id":"19631","doc":"Georgia Power 2025 IRP Vol. 3 (public disclosure): 2024 GA ITS Ten-Year Plan (2025-2034)","page":244,"conf":"high","loc_a":{"name":"PINE GROVE PRIMARY","matched":"Pine Grove Primary Substation","method":"OSM name match (exact)","confidence":"high","note":""},"loc_b":null,"fix":"","n_overlaps":0,"budget":null,"budget_check":"","best_tier":null,"length_km":null}},{"type":"Feature","geometry":{"type":"LineString","coordinates":[[-81.04838,32.06683],[-81.08618,32.02269]]},"properties":{"id":"GPC_20067","utility":"GPC","name":"SAV: DEPTFORD - MAGNOLIA 115KV RECONDUCTOR","a":"DEPTFORD","b":"MAGNOLIA","kv":[115],"status":"New Project","start":"2023-01-01","isd":"2025-06-01","window_basis":"published start date","cost":null,"desc":"Reconductor the Deptford - Magnolia 115kV line (approximately 5 miles) using 973.1 C7 ACCS (Everglades) conductor and upgrade the Deptford main bus.","source_id":"20067","doc":"Georgia Power 2025 IRP Vol. 3 (public disclosure): 2024 GA ITS Ten-Year Plan (2025-2034)","page":245,"conf":"high","loc_a":{"name":"DEPTFORD","matched":"Deptford Substation","method":"OSM name match (exact)","confidence":"high","note":""},"loc_b":{"name":"MAGNOLIA","matched":"Magnolia Substation","method":"OSM name match (exact)","confidence":"high","note":""},"fix":"","n_overlaps":4,"budget":null,"budget_check":"","best_tier":4,"length_km":6.06}},{"type":"Feature","geometry":{"type":"Point","coordinates":[-84.85487,33.74102]},"properties":{"id":"GPC_20431","utility":"GPC","name":"VILLA RICA LOW SIDE BREAKER","a":"VILLA RICA","b":"","kv":[],"status":"New Project","start":"2024-06-01","isd":"2025-06-01","window_basis":"published start date","cost":null,"desc":"Replace a low side breaker at Villa Rica with a 4000A breaker.","source_id":"20431","doc":"Georgia Power 2025 IRP Vol. 3 (public disclosure): 2024 GA ITS Ten-Year Plan (2025-2034)","page":247,"conf":"high","loc_a":{"name":"VILLA RICA","matched":"Villa Rica Substation","method":"OSM name match (exact)","confidence":"high","note":""},"loc_b":null,"fix":"","n_overlaps":0,"budget":null,"budget_check":"","best_tier":null,"length_km":null}},{"type":"Feature","geometry":{"type":"LineString","coordinates":[[-84.99422,33.35868],[-84.99809,33.35163]]},"properties":{"id":"GPC_18774","utility":"GPC","name":"GTC: HEARD COUNTY - TENASKA 500KV (SECOND LINE)","a":"HEARD COUNTY","b":"TENASKA","kv":[500],"status":"Project delayed from 2024 to 2025","start":"2021-12-01","isd":"2025-12-01","window_basis":"published start date","cost":null,"desc":"GTC: Build a second Heard County - Tenaska 500kV line, 0.8 miles, with 100C (3) 1113 ACSR Bluejay conductors. Add a 500kV breaker at Heard County. GPC: Add a 500kV breaker at Tenaska.","source_id":"18774","doc":"Georgia Power 2025 IRP Vol. 3 (public disclosure): 2024 GA ITS Ten-Year Plan (2025-2034)","page":249,"conf":"medium","loc_a":{"name":"HEARD COUNTY","matched":"Heard County Substation","method":"OSM name match (exact)","confidence":"high","note":""},"loc_b":{"name":"TENASKA","matched":"Tenaska Georgia Substation","method":"OSM name match (all name words present)","confidence":"medium","note":""},"fix":"","n_overlaps":0,"budget":null,"budget_check":"","best_tier":null,"length_km":0.86}},{"type":"Feature","geometry":{"type":"LineString","coordinates":[[-82.63628,34.00183],[-82.7532,33.7065]]},"properties":{"id":"GPC_20010","utility":"GPC","name":"GTC: ANTHONY SHOALS - WASHINGTON 115 KV LINE REBUILD","a":"ANTHONY SHOALS","b":"WASHINGTON","kv":[115],"status":"New Project","start":"2024-01-01","isd":"2025-12-31","window_basis":"published start date","cost":null,"desc":"Rebuild 21 miles of the Double Branches Junction - Washington 115kV line section with 100C 795 ACSR conductor or higher rated conductor.","source_id":"20010","doc":"Georgia Power 2025 IRP Vol. 3 (public disclosure): 2024 GA ITS Ten-Year Plan (2025-2034)","page":253,"conf":"medium","loc_a":{"name":"ANTHONY SHOALS","matched":"Anthony Shoals Substation","method":"OSM name match (exact)","confidence":"high","note":""},"loc_b":{"name":"WASHINGTON","matched":"Washington Substation #2","method":"OSM name match (exact)","confidence":"medium","note":""},"fix":"","n_overlaps":0,"budget":null,"budget_check":"","best_tier":null,"length_km":34.57}},{"type":"Feature","geometry":{"type":"LineString","coordinates":[[-84.51964,31.61393],[-84.2113,31.58934]]},"properties":{"id":"GPC_18691","utility":"GPC","name":"GTC: LIZARD LOPE - WESTOVER 115 KV NEW LINE","a":"LIZARD LOPE","b":"WESTOVER","kv":[115],"status":"Project delayed from 2024 to 2026. Previously titled \"GTC: Gillionville - Greenhouse 115kV Line\"","start":"2021-06-01","isd":"2026-03-01","window_basis":"published start date","cost":null,"desc":"Construct two new 115kV stations, Lizard Lope and Westover, and build a new 19.8 miles of 115kV line from Lizard Lope to Gillionville","source_id":"18691","doc":"Georgia Power 2025 IRP Vol. 3 (public disclosure): 2024 GA ITS Ten-Year Plan (2025-2034)","page":254,"conf":"low","loc_a":{"name":"LIZARD LOPE","matched":"Lizard Lope Road, Calhoun County (approx.)","method":"approximate: Nominatim highway/residential (town/street level, not the substation itself)","confidence":"low","note":""},"loc_b":{"name":"WESTOVER","matched":"Westover, Albany (approx.)","method":"approximate: Nominatim place/hamlet (town/street level, not the substation itself)","confidence":"low","note":""},"fix":"","n_overlaps":0,"budget":null,"budget_check":"","best_tier":null,"length_km":29.33}},{"type":"Feature","geometry":{"type":"Point","coordinates":[-84.24214,34.67037]},"properties":{"id":"GPC_19597","utility":"GPC","name":"ADAMSVILLE - BUZZARD ROOST 230KV REBUILD AND JUMPER UPGRADE","a":"ADAMSVILLE","b":"BUZZARD ROOST","kv":[230],"status":"New Project","start":"2024-06-01","isd":"2026-06-01","window_basis":"published start date","cost":null,"desc":"Rebuild the line sections from Adamsville to Boat Rock Road (8.08 miles) on the Adamsville - Buzzard Roost 230kV line with 200C 1351 ACSS Martin conductor. Replace the AAC 750 jumper on the line at Adamsville with (2) 1590 AAC jumper. Replace 1590 AAC jumpers at Bakers Ferry and Boat Rock with (2) 1590 AAC jumpers. Replace 1600A line switches at Boat Rock with 3000A switches.","source_id":"19597","doc":"Georgia Power 2025 IRP Vol. 3 (public disclosure): 2024 GA ITS Ten-Year Plan (2025-2034)","page":256,"conf":"low","loc_a":null,"loc_b":{"name":"BUZZARD ROOST","matched":"Buzzard Roost, Fannin County (approx.)","method":"approximate: Nominatim natural/peak (town/street level, not the substation itself)","confidence":"low","note":""},"fix":"","n_overlaps":0,"budget":null,"budget_check":"","best_tier":null,"length_km":null}},{"type":"Feature","geometry":{"type":"LineString","coordinates":[[-84.50801,34.18576],[-84.51311,34.08661]]},"properties":{"id":"GPC_18960","utility":"GPC","name":"BLANKETS CREEK \u2013 WOODSTOCK 115KV LINE REBUILD","a":"BLANKETS CREEK","b":"WOODSTOCK","kv":[115],"status":"No Change","start":"2025-06-01","isd":"2026-06-01","window_basis":"published start date","cost":null,"desc":"Rebuild the entire Blankets Creek - Woodstock 115kV line, approximately 7.1 miles, with 200C 795 ACSS conductor.","source_id":"18960","doc":"Georgia Power 2025 IRP Vol. 3 (public disclosure): 2024 GA ITS Ten-Year Plan (2025-2034)","page":257,"conf":"high","loc_a":{"name":"BLANKETS CREEK","matched":"Blankets Creek Substation","method":"OSM name match (exact)","confidence":"high","note":""},"loc_b":{"name":"WOODSTOCK","matched":"Woodstock Switch Station","method":"OSM name match (exact)","confidence":"high","note":""},"fix":"","n_overlaps":0,"budget":null,"budget_check":"","best_tier":null,"length_km":11.03}},{"type":"Feature","geometry":{"type":"LineString","coordinates":[[-84.9861,34.75997],[-85.01439,34.48148]]},"properties":{"id":"GPC_18679","utility":"GPC","name":"DU: EAST DALTON - OOSTANAULA 115KV REBUILD","a":"EAST DALTON","b":"OOSTANAULA","kv":[115],"status":"Project delayed from 2023 to 2026. Project previously listed under TEAMS #18851.","start":"2023-06-01","isd":"2026-06-01","window_basis":"published start date","cost":null,"desc":"DU: Rebuild the portion of East Dalton - Oostanaula and Dalton - East Dalton 115kV double circuit lines between East Dalton substation and the Dalton substation frame with 200C 795 ACSS.","source_id":"18679","doc":"Georgia Power 2025 IRP Vol. 3 (public disclosure): 2024 GA ITS Ten-Year Plan (2025-2034)","page":260,"conf":"low","loc_a":{"name":"EAST DALTON","matched":"East Morton Drive, Dalton (approx.)","method":"approximate: Nominatim highway/residential (town/street level, not the substation itself)","confidence":"low","note":""},"loc_b":{"name":"OOSTANAULA","matched":"Oostanaula, Gordon County (approx.)","method":"approximate: Nominatim place/hamlet (town/street level, not the substation itself)","confidence":"low","note":""},"fix":"","n_overlaps":0,"budget":null,"budget_check":"","best_tier":null,"length_km":31.08}},{"type":"Feature","geometry":{"type":"LineString","coordinates":[[-81.99568,33.4782],[-81.92257,33.44856]]},"properties":{"id":"GPC_16007","utility":"GPC","name":"FENWICK STREET - SAND BAR FERRY 115KV (RECONDUCTOR/REBUILD)","a":"FENWICK STREET","b":"SAND BAR FERRY","kv":[115],"status":"New Project","start":"2022-09-01","isd":"2026-06-01","window_basis":"published start date","cost":null,"desc":"Reconductor approximately 2.72 miles of transmission line from Fenwick St to East Augusta Jct. with 100C 1351 ACSR conductor.","source_id":"16007","doc":"Georgia Power 2025 IRP Vol. 3 (public disclosure): 2024 GA ITS Ten-Year Plan (2025-2034)","page":261,"conf":"low","loc_a":{"name":"FENWICK STREET","matched":"Fenwick Street, Hillside Park (approx.)","method":"approximate: Nominatim highway/residential (town/street level, not the substation itself)","confidence":"low","note":""},"loc_b":{"name":"SAND BAR FERRY","matched":"Sand Bar Ferry Road, Marion Homes (approx.)","method":"approximate: Nominatim highway/primary (town/street level, not the substation itself)","confidence":"low","note":""},"fix":"","n_overlaps":5,"budget":null,"budget_check":"","best_tier":3,"length_km":7.54}},{"type":"Feature","geometry":{"type":"Point","coordinates":[-85.08056,32.60956]},"properties":{"id":"GPC_20516","utility":"GPC","name":"GOAT ROCK 230KV SWITCH, JUMPER, & LINE TRAP REPLACEMENT","a":"GOAT ROCK SWITCH","b":"","kv":[230],"status":"New Project","start":"2024-01-01","isd":"2026-06-01","window_basis":"published start date","cost":null,"desc":"Replace the 230kV 1200A switch with 3000A, 90C 1351.5 ACSR Martin jumper with (2) AAC 1590, and 1600A line trap with 3000A (part of the Goat Rock - North Opelika 230kV line at Goat Rock substation.","source_id":"20516","doc":"Georgia Power 2025 IRP Vol. 3 (public disclosure): 2024 GA ITS Ten-Year Plan (2025-2034)","page":262,"conf":"high","loc_a":{"name":"GOAT ROCK SWITCH","matched":"Goat Rock Dam","method":"OSM name match (exact (ignoring qualifiers))","confidence":"high","note":""},"loc_b":null,"fix":"","n_overlaps":0,"budget":null,"budget_check":"","best_tier":null,"length_km":null}},{"type":"Feature","geometry":{"type":"LineString","coordinates":[[-83.31691,32.88247],[-82.90813,32.54558]]},"properties":{"id":"GPC_19618","utility":"GPC","name":"GORDON-N DUBLIN 115KV (GORDON-ENGL MCI J) REBUILD","a":"GORDON","b":"NORTH DUBLIN","kv":[115],"status":"New Project","start":"2023-10-01","isd":"2026-06-01","window_basis":"published start date","cost":null,"desc":"Rebuild the Gordon - Engelhard McIntyre J of the Gordon - North Dublin 115kV line from 100C 336.4 ACSR (2.81 miles) Linnet and 75C 4/0 F Copper/CW (3.18 miles) to 200C ACSS 795 conductor.","source_id":"19618","doc":"Georgia Power 2025 IRP Vol. 3 (public disclosure): 2024 GA ITS Ten-Year Plan (2025-2034)","page":263,"conf":"low","loc_a":{"name":"GORDON","matched":"Gordon Substation","method":"OSM name match (exact)","confidence":"high","note":""},"loc_b":{"name":"NORTH DUBLIN","matched":"North Jefferson Street, Dublin (approx.)","method":"approximate: Nominatim highway/primary (town/street level, not the substation itself)","confidence":"low","note":""},"fix":"","n_overlaps":0,"budget":null,"budget_check":"","best_tier":null,"length_km":53.53}},{"type":"Feature","geometry":{"type":"LineString","coordinates":[[-83.56356,32.99533],[-84.33346,33.60593]]},"properties":{"id":"GPC_21139","utility":"GPC","name":"GRADY - MORROW (WHITE) 115KV REBUILD","a":"GRADY","b":"MORROW","kv":[115],"status":"New Project","start":"2024-06-01","isd":"2026-06-01","window_basis":"published start date","cost":null,"desc":"Replace 0.72 miles of conductor from Moreland Way to Morrow including the bus and jumper at Moreland Way with 1351.5 Martin/ACSS 54/19 conductor.","source_id":"21139","doc":"Georgia Power 2025 IRP Vol. 3 (public disclosure): 2024 GA ITS Ten-Year Plan (2025-2034)","page":264,"conf":"low","loc_a":{"name":"GRADY","matched":"Gray Substation","method":"OSM name match (fuzzy 0.89)","confidence":"low","note":""},"loc_b":{"name":"MORROW","matched":"Morrow Substation","method":"OSM name match (exact)","confidence":"high","note":""},"fix":"","n_overlaps":0,"budget":null,"budget_check":"","best_tier":null,"length_km":98.64}},{"type":"Feature","geometry":{"type":"Point","coordinates":[-83.80967,34.26302]},"properties":{"id":"GPC_19706","utility":"GPC","name":"GRID - GAINESVILLE #2 EQUIPMENT REPLACEMENT","a":"GRID","b":"GAINESVILLE","kv":[],"status":"New Project","start":"2024-12-31","isd":"2026-06-01","window_basis":"published start date","cost":null,"desc":"GPC: Replace the two 230/115kV auto transformers (Bank C and D) at Gainesville #2 with 400MVA. Project was originally maintenance driven but now compliance driven.","source_id":"19706","doc":"Georgia Power 2025 IRP Vol. 3 (public disclosure): 2024 GA ITS Ten-Year Plan (2025-2034)","page":265,"conf":"medium","loc_a":null,"loc_b":{"name":"GAINESVILLE","matched":"Gainesville Substation #2","method":"OSM name match (exact)","confidence":"medium","note":""},"fix":"","n_overlaps":0,"budget":null,"budget_check":"","best_tier":null,"length_km":null}},{"type":"Feature","geometry":{"type":"LineString","coordinates":[[-84.01769,33.66761],[-83.81379,33.67345]]},"properties":{"id":"GPC_21137","utility":"GPC","name":"GTC: CONYERS - CORNISH MOUNTAIN 115KV LINE UPGRADE","a":"CONYERS","b":"CORNISH MOUNTAIN","kv":[115],"status":"New Project","start":"2025-06-01","isd":"2026-06-01","window_basis":"published start date","cost":null,"desc":"Upgrade 750 jumpers at North Conyers and raise the temperature rating of the 636 ACSR conductor on the Conyers - Cornish MTN 115kV line from 100C to 125C.","source_id":"21137","doc":"Georgia Power 2025 IRP Vol. 3 (public disclosure): 2024 GA ITS Ten-Year Plan (2025-2034)","page":266,"conf":"low","loc_a":{"name":"CONYERS","matched":"Conyers, Rockdale County (approx.)","method":"approximate: Nominatim boundary/administrative (town/street level, not the substation itself)","confidence":"low","note":""},"loc_b":{"name":"CORNISH MOUNTAIN","matched":"Cornish Mountain, Newton County (approx.)","method":"approximate: Nominatim natural/peak (town/street level, not the substation itself)","confidence":"low","note":""},"fix":"","n_overlaps":0,"budget":null,"budget_check":"","best_tier":null,"length_km":18.88}},{"type":"Feature","geometry":{"type":"Point","coordinates":[-85.02988,33.03053]},"properties":{"id":"GPC_19334","utility":"GPC","name":"GTC: LAGRANGE - NORTH OPELIKA 230 KV","a":"LAGRANGE","b":"NORTH OPELIKA","kv":[230],"status":"Project advanced from 2027","start":"2023-06-01","isd":"2026-06-01","window_basis":"published start date","cost":null,"desc":"Build a new Lagrange - North Opelika (APC) 230kV line, 29.4 miles, with 100C ACSR 1351.5 Martin Conductor. GTC will construct the ~15 - mile section from Lagrange to the Metering Station near the Georgia - Alabama border. The Metering Station will be owned by GTC. GPC will construct the short line section from the Metering Station to the GA - AL state line. APC will construct the 230kV line from the GA - AL state line to North Opelika.","source_id":"19334","doc":"Georgia Power 2025 IRP Vol. 3 (public disclosure): 2024 GA ITS Ten-Year Plan (2025-2034)","page":267,"conf":"medium","loc_a":{"name":"LAGRANGE","matched":"LaGrange Substation #12","method":"OSM name match (exact)","confidence":"medium","note":""},"loc_b":null,"fix":"","n_overlaps":0,"budget":null,"budget_check":"","best_tier":null,"length_km":null}},{"type":"Feature","geometry":{"type":"Point","coordinates":[-82.87976,33.00543]},"properties":{"id":"GPC_19999","utility":"GPC","name":"GTC: ROBINS SPRING BUS REPLACEMENT","a":"ROBINS SPRING","b":"","kv":[],"status":"New Project","start":"2023-06-01","isd":"2026-06-01","window_basis":"published start date","cost":null,"desc":"GTC: Replace the main 115kV bus 90C ACSR 336.4 Linnet conductor with higher rating.","source_id":"19999","doc":"Georgia Power 2025 IRP Vol. 3 (public disclosure): 2024 GA ITS Ten-Year Plan (2025-2034)","page":269,"conf":"high","loc_a":{"name":"ROBINS SPRING","matched":"Robins Spring Substation","method":"OSM name match (exact)","confidence":"high","note":""},"loc_b":null,"fix":"","n_overlaps":0,"budget":null,"budget_check":"","best_tier":null,"length_km":null}},{"type":"Feature","geometry":{"type":"Point","coordinates":[-82.87976,33.00543]},"properties":{"id":"GPC_20001","utility":"GPC","name":"GTC: ROBINS SPRING CAPACITOR BANK INSTALLATION","a":"ROBINS SPRING","b":"","kv":[],"status":"New Project","start":"2023-01-01","isd":"2026-06-01","window_basis":"published start date","cost":null,"desc":"Install a 115kV 2 - stage 22.5MVAR (45MVAR total) capacitor bank at Robins Spring","source_id":"20001","doc":"Georgia Power 2025 IRP Vol. 3 (public disclosure): 2024 GA ITS Ten-Year Plan (2025-2034)","page":270,"conf":"high","loc_a":{"name":"ROBINS SPRING","matched":"Robins Spring Substation","method":"OSM name match (exact)","confidence":"high","note":""},"loc_b":null,"fix":"","n_overlaps":0,"budget":null,"budget_check":"","best_tier":null,"length_km":null}},{"type":"Feature","geometry":{"type":"LineString","coordinates":[[-85.34558,34.25121],[-84.75725,34.16957]]},"properties":{"id":"GPC_19636","utility":"GPC","name":"HAMMOND - WEISS DAM 115KV LINE REBUILD","a":"HAMMOND","b":"WEISS DAM","kv":[115],"status":"New Project","start":"2023-06-01","isd":"2026-06-01","window_basis":"published start date","cost":null,"desc":"Rebuild 11.2 miles of Hammond - Weiss Dam 115kV from Hammond to the APC border with 200C 795 ACSS.","source_id":"19636","doc":"Georgia Power 2025 IRP Vol. 3 (public disclosure): 2024 GA ITS Ten-Year Plan (2025-2034)","page":271,"conf":"low","loc_a":{"name":"HAMMOND","matched":"Hammod Substation","method":"OSM name match (fuzzy 0.92)","confidence":"low","note":""},"loc_b":{"name":"WEISS DAM","matched":"Weiss Lake, Cartersville (approx.)","method":"approximate: Nominatim natural/water (town/street level, not the substation itself)","confidence":"low","note":""},"fix":"","n_overlaps":0,"budget":null,"budget_check":"","best_tier":null,"length_km":54.86}},{"type":"Feature","geometry":{"type":"Point","coordinates":[-83.60997,32.49529]},"properties":{"id":"GPC_20512","utility":"GPC","name":"KATHLEEN AREA IMPROVEMENTS","a":"KATHLEEN","b":"","kv":[],"status":"New Project","start":"2024-01-01","isd":"2026-06-01","window_basis":"published start date","cost":null,"desc":"Rebuild the Kathleen - Big Grocery Creek 230kV line (approximately 1.5 miles). Rebuild the Bonaire Primary - Kathleen 230kV line (approximately 6 miles). Upgrade limiting elements at Kathleen substation.","source_id":"20512","doc":"Georgia Power 2025 IRP Vol. 3 (public disclosure): 2024 GA ITS Ten-Year Plan (2025-2034)","page":272,"conf":"low","loc_a":{"name":"KATHLEEN","matched":"Kathleen, Houston County (approx.)","method":"approximate: Nominatim place/hamlet (town/street level, not the substation itself)","confidence":"low","note":""},"loc_b":null,"fix":"","n_overlaps":0,"budget":null,"budget_check":"","best_tier":null,"length_km":null}},{"type":"Feature","geometry":{"type":"LineString","coordinates":[[-84.90595,33.35112],[-85.01568,33.02411]]},"properties":{"id":"GPC_19598","utility":"GPC","name":"MEAG: DRESDEN - LAGRANGE PRIMARY 230KV UPGRADE & JUMPERS","a":"DRESDEN","b":"LAGRANGE PRIMARY","kv":[230],"status":"New Project","start":"2024-06-01","isd":"2026-06-01","window_basis":"published start date","cost":null,"desc":"MEAG will re-sag the Dresden - LaGrange Primary 230kV line to 125C. Replace the jumpers at Dresden and LaGrange with (2) 1590 AAC jumpers.","source_id":"19598","doc":"Georgia Power 2025 IRP Vol. 3 (public disclosure): 2024 GA ITS Ten-Year Plan (2025-2034)","page":273,"conf":"medium","loc_a":{"name":"DRESDEN","matched":"Dresden Substation","method":"OSM name match (exact)","confidence":"high","note":""},"loc_b":{"name":"LAGRANGE PRIMARY","matched":"LaGrange Primary Substation","method":"OSM name match (exact)","confidence":"medium","note":""},"fix":"","n_overlaps":0,"budget":null,"budget_check":"","best_tier":null,"length_km":37.77}},{"type":"Feature","geometry":{"type":"LineString","coordinates":[[-82.81977,33.46826],[-82.7532,33.7065]]},"properties":{"id":"GPC_20270","utility":"GPC","name":"MEAG: RAY PLACE RD - WASHINGTON #3","a":"RAY PLACE RD","b":"WASHINGTON","kv":[],"status":"New Project","start":"2024-01-01","isd":"2026-06-01","window_basis":"published start date","cost":null,"desc":"Rebuild the Ray Place Rd - Washington 115kV line with 100C 795 ACSR conductor (total 17.4 Miles) between Ray Place Rd and Washington 2. Replace Jumpers and bus at Washington 2.","source_id":"20270","doc":"Georgia Power 2025 IRP Vol. 3 (public disclosure): 2024 GA ITS Ten-Year Plan (2025-2034)","page":274,"conf":"low","loc_a":{"name":"RAY PLACE RD","matched":"Ray Place Road Switching Station","method":"OSM name match (fuzzy 0.92)","confidence":"low","note":""},"loc_b":{"name":"WASHINGTON","matched":"Washington Substation #2","method":"OSM name match (exact)","confidence":"medium","note":""},"fix":"","n_overlaps":0,"budget":null,"budget_check":"","best_tier":null,"length_km":27.2}},{"type":"Feature","geometry":{"type":"LineString","coordinates":[[-82.81977,33.46826],[-82.7532,33.7065]]},"properties":{"id":"GPC_20271","utility":"GPC","name":"MEAG: RAY PLACE RD - WASHINGTON (WASHINGTON - WASHINGTON 3)","a":"RAY PLACE RD","b":"WASHINGTON","kv":[],"status":"New Project","start":"2025-06-01","isd":"2026-06-01","window_basis":"published start date","cost":null,"desc":"MEAG will rebuild the Ray Place Rd - Washington 115kV line with 100C 1351 ACSR conductor (total 1.2 Miles) between Washington and Washington 3. Replace jumpers at Washington.","source_id":"20271","doc":"Georgia Power 2025 IRP Vol. 3 (public disclosure): 2024 GA ITS Ten-Year Plan (2025-2034)","page":275,"conf":"low","loc_a":{"name":"RAY PLACE RD","matched":"Ray Place Road Switching Station","method":"OSM name match (fuzzy 0.92)","confidence":"low","note":""},"loc_b":{"name":"WASHINGTON","matched":"Washington Substation #2","method":"OSM name match (exact)","confidence":"medium","note":""},"fix":"","n_overlaps":0,"budget":null,"budget_check":"","best_tier":null,"length_km":27.2}},{"type":"Feature","geometry":{"type":"Point","coordinates":[-84.19435,31.63767]},"properties":{"id":"GPC_18690","utility":"GPC","name":"PALMYRA REACTOR REMOVAL","a":"PALMYRA","b":"","kv":[],"status":"Project delayed from 2024 to 2026","start":"2023-05-01","isd":"2026-06-01","window_basis":"published start date","cost":null,"desc":"Remove the 6% reactor at the Palmyra Substation.","source_id":"18690","doc":"Georgia Power 2025 IRP Vol. 3 (public disclosure): 2024 GA ITS Ten-Year Plan (2025-2034)","page":276,"conf":"low","loc_a":{"name":"PALMYRA","matched":"Palmyra, Lee County (approx.)","method":"approximate: Nominatim place/hamlet (town/street level, not the substation itself)","confidence":"low","note":""},"loc_b":null,"fix":"","n_overlaps":0,"budget":null,"budget_check":"","best_tier":null,"length_km":null}},{"type":"Feature","geometry":{"type":"LineString","coordinates":[[-81.14446,32.04123],[-81.04838,32.06683]]},"properties":{"id":"GPC_20066","utility":"GPC","name":"SAV: BOULEVARD - DEPTFORD 115KV RECONDUCTOR","a":"BOULEVARD","b":"DEPTFORD","kv":[115],"status":"New Project","start":"2025-06-01","isd":"2026-06-01","window_basis":"published start date","cost":null,"desc":"Reconductor the Boulevard - Deptford 115kV line (approximately 8 miles) using 973.1 C7 ACCS (Everglades) conductor. Upgrade main bus and jumpers at Bolton substation from 90C 1590 AAC Coreopsis to 90C (2)1590 AAC Coreopsis or higher rated equipment.","source_id":"20066","doc":"Georgia Power 2025 IRP Vol. 3 (public disclosure): 2024 GA ITS Ten-Year Plan (2025-2034)","page":277,"conf":"high","loc_a":{"name":"BOULEVARD","matched":"Boulevard Substation","method":"OSM name match (exact)","confidence":"high","note":""},"loc_b":{"name":"DEPTFORD","matched":"Deptford Substation","method":"OSM name match (exact)","confidence":"high","note":""},"fix":"","n_overlaps":4,"budget":null,"budget_check":"","best_tier":4,"length_km":9.49}},{"type":"Feature","geometry":{"type":"Point","coordinates":[-81.25315,32.00679]},"properties":{"id":"GPC_19966","utility":"GPC","name":"SAV: CC - BIG OGEECHEE 500/230KV (CC NETWORK IMPROVEMENTS)","a":"LITTLE OGEECHEE","b":"","kv":[500,230],"status":"New Project","start":"2023-06-01","isd":"2026-06-01","window_basis":"published start date","cost":null,"desc":"Construct a new substation near Little Ogeechee, adjacent to the 500kV and 230kV shared right of way for McCall Road - Thalmann 500kV and the Little Ogeechee - Meldrim 230kV Black and White lines. The new substation will loop in the existing McCall Road - Thalmann 500kV line, the existing Little Ogeechee - Meldrim 230kV lines, and accommodate a new 1344MVA 500/230kV auto transformers with an additional 230kV connection to Little Ogeechee.","source_id":"19966","doc":"Georgia Power 2025 IRP Vol. 3 (public disclosure): 2024 GA ITS Ten-Year Plan (2025-2034)","page":278,"conf":"high","loc_a":{"name":"LITTLE OGEECHEE","matched":"Little Ogeechee Substation","method":"OSM name match (exact)","confidence":"high","note":""},"loc_b":null,"fix":"New 'Big Ogeechee' 500/230 kV substation is described as 'near Little Ogeechee'; placed at Little Ogeechee (approximate).","n_overlaps":1,"budget":null,"budget_check":"","best_tier":4,"length_km":null}},{"type":"Feature","geometry":{"type":"Point","coordinates":[-84.50907,33.55317]},"properties":{"id":"GPC_17900","utility":"GPC","name":"UNION CITY - YATES 230 KV WHITE LINE REBUILD","a":"UNION CITY","b":"YATES WHITE","kv":[230],"status":"New Project","start":"2023-06-01","isd":"2026-06-01","window_basis":"published start date","cost":null,"desc":"Rebuild 23.4 miles of the Union City - Yates 230kV White line with bundled 1351 ACSS Martin conductor at 200C.","source_id":"17900","doc":"Georgia Power 2025 IRP Vol. 3 (public disclosure): 2024 GA ITS Ten-Year Plan (2025-2034)","page":279,"conf":"medium","loc_a":{"name":"UNION CITY","matched":"Union Substation","method":"OSM name match (exact (ignoring qualifiers))","confidence":"medium","note":""},"loc_b":null,"fix":"","n_overlaps":0,"budget":null,"budget_check":"","best_tier":null,"length_km":null}},{"type":"Feature","geometry":{"type":"Point","coordinates":[-84.50907,33.55317]},"properties":{"id":"GPC_20691","utility":"GPC","name":"UNION CITY - YATES 230KV (WHITE) SWITCH AND TRAP REPLACEMENT","a":"UNION CITY","b":"YATES SWITCH AND TRAP","kv":[230],"status":"New Project","start":"2024-05-15","isd":"2026-06-01","window_basis":"published start date","cost":null,"desc":"Replace the limiting elements at Union City and Yates substations along the Union City - Yates 230kV (White) line.","source_id":"20691","doc":"Georgia Power 2025 IRP Vol. 3 (public disclosure): 2024 GA ITS Ten-Year Plan (2025-2034)","page":280,"conf":"medium","loc_a":{"name":"UNION CITY","matched":"Union Substation","method":"OSM name match (exact (ignoring qualifiers))","confidence":"medium","note":""},"loc_b":null,"fix":"","n_overlaps":0,"budget":null,"budget_check":"","best_tier":null,"length_km":null}},{"type":"Feature","geometry":{"type":"LineString","coordinates":[[-84.20126,33.03207],[-84.15297,33.05554]]},"properties":{"id":"GPC_20874","utility":"GPC","name":"GTC: BARNESVILLE PRIMARY-BARNESVILLE #1 115KV RECONDUCTOR","a":"BARNESVILLE PRIMARY","b":"BARNESVILLE","kv":[115],"status":"New Project","start":"2024-06-01","isd":"2026-12-01","window_basis":"published start date","cost":null,"desc":"Rebuild approximately 4.53 miles of the Barnesville Primary - Barnesville #1 segment on the Barnesville Primary - Lamar County Industrial 115kV line.","source_id":"20874","doc":"Georgia Power 2025 IRP Vol. 3 (public disclosure): 2024 GA ITS Ten-Year Plan (2025-2034)","page":282,"conf":"medium","loc_a":{"name":"BARNESVILLE PRIMARY","matched":"Barnesville Primary Substation","method":"OSM name match (exact)","confidence":"medium","note":""},"loc_b":{"name":"BARNESVILLE","matched":"Barnesville #1 Substation","method":"OSM name match (exact)","confidence":"medium","note":""},"fix":"","n_overlaps":0,"budget":null,"budget_check":"","best_tier":null,"length_km":5.2}},{"type":"Feature","geometry":{"type":"Point","coordinates":[-84.90595,33.35112]},"properties":{"id":"GPC_20273","utility":"GPC","name":"GTC: DRESDEN 500KV BUS EXPANSION","a":"DRESDEN","b":"","kv":[500],"status":"New Project","start":"2024-12-01","isd":"2026-12-01","window_basis":"published start date","cost":null,"desc":"GTC will expand the Dresden 500kV bus into a 5 - element ring bus configuration. Loop the O'Hara - Wansley 500kV line into the Dresden 500kV substation and allow for future Dresden - Talbot 500kV line termination.","source_id":"20273","doc":"Georgia Power 2025 IRP Vol. 3 (public disclosure): 2024 GA ITS Ten-Year Plan (2025-2034)","page":283,"conf":"high","loc_a":{"name":"DRESDEN","matched":"Dresden Substation","method":"OSM name match (exact)","confidence":"high","note":""},"loc_b":null,"fix":"","n_overlaps":0,"budget":null,"budget_check":"","best_tier":null,"length_km":null}},{"type":"Feature","geometry":{"type":"LineString","coordinates":[[-83.31691,32.88247],[-82.80194,32.99848]]},"properties":{"id":"GPC_20002","utility":"GPC","name":"GTC: GORDON - SANDERSVILLE #1 115KV LINE REBUILD","a":"GORDON","b":"SANDERSVILLE","kv":[115],"status":"New Project","start":"2023-02-01","isd":"2026-12-01","window_basis":"published start date","cost":null,"desc":"Rebuild the 1.87 miles of Sandersville #1 - Sandersville #6 line section of the Gordon - Sandersville #1 115kV line from 100C ACSR 336 conductor to 100C ACSR 795 conductor.","source_id":"20002","doc":"Georgia Power 2025 IRP Vol. 3 (public disclosure): 2024 GA ITS Ten-Year Plan (2025-2034)","page":284,"conf":"medium","loc_a":{"name":"GORDON","matched":"Gordon Substation","method":"OSM name match (exact)","confidence":"high","note":""},"loc_b":{"name":"SANDERSVILLE","matched":"Sandersville Substation #1","method":"OSM name match (exact)","confidence":"medium","note":""},"fix":"","n_overlaps":0,"budget":null,"budget_check":"","best_tier":null,"length_km":49.76}},{"type":"Feature","geometry":{"type":"Point","coordinates":[-83.56356,32.99533]},"properties":{"id":"GPC_19287","utility":"GPC","name":"GRADY-WEST END 115KV REBUILD","a":"GRADY","b":"WEST END","kv":[115],"status":"Project delayed from 2024 to 2026","start":"2022-06-01","isd":"2026-12-31","window_basis":"published start date","cost":null,"desc":"Reconductor the Grady - West End 115kV line (2.6 miles) using 200C 1351 ACSS Martin.","source_id":"19287","doc":"Georgia Power 2025 IRP Vol. 3 (public disclosure): 2024 GA ITS Ten-Year Plan (2025-2034)","page":286,"conf":"low","loc_a":{"name":"GRADY","matched":"Gray Substation","method":"OSM name match (fuzzy 0.89)","confidence":"low","note":""},"loc_b":null,"fix":"","n_overlaps":0,"budget":null,"budget_check":"","best_tier":null,"length_km":null}},{"type":"Feature","geometry":{"type":"LineString","coordinates":[[-84.33346,33.60593],[-84.3902,33.64178]]},"properties":{"id":"GPC_19363","utility":"GPC","name":"MORROW - MOUNTAIN VIEW 115 KV REBUILD","a":"MORROW","b":"MOUNTAIN VIEW","kv":[115],"status":"New Project","start":"2024-01-01","isd":"2026-12-31","window_basis":"published start date","cost":null,"desc":"Rebuild the Mountain View - Barnett Road section of the Morrow - Mountain View 115kV line with 200C 1351 ACSS Martin conductor.","source_id":"19363","doc":"Georgia Power 2025 IRP Vol. 3 (public disclosure): 2024 GA ITS Ten-Year Plan (2025-2034)","page":287,"conf":"low","loc_a":{"name":"MORROW","matched":"Morrow Substation","method":"OSM name match (exact)","confidence":"high","note":""},"loc_b":{"name":"MOUNTAIN VIEW","matched":"Mountain View, Coxs Crossing (approx.)","method":"approximate: Nominatim place/locality (town/street level, not the substation itself)","confidence":"low","note":""},"fix":"","n_overlaps":0,"budget":null,"budget_check":"","best_tier":null,"length_km":6.59}},{"type":"Feature","geometry":{"type":"Point","coordinates":[-84.85487,33.74102]},"properties":{"id":"GPC_19635","utility":"GPC","name":"GTC: HICKORY LEVEL - VILLA RICA 230KV LINE RECONDUCTOR","a":"HICKORY LEVEL","b":"VILLA RICA","kv":[230],"status":"New Project","start":"2024-05-01","isd":"2027-05-01","window_basis":"published start date","cost":null,"desc":"GTC will reconductor from 100C 1351 ACSR to 160C 1351 ACSS on 8.6 miles of 230kV line. A 2000A line trap at Villa Rica will also be replaced with a 3000A line trap.","source_id":"19635","doc":"Georgia Power 2025 IRP Vol. 3 (public disclosure): 2024 GA ITS Ten-Year Plan (2025-2034)","page":289,"conf":"medium","loc_a":null,"loc_b":{"name":"VILLA RICA","matched":"Villa Rica Substation","method":"OSM name match (exact)","confidence":"high","note":""},"fix":"","n_overlaps":0,"budget":null,"budget_check":"","best_tier":null,"length_km":null}},{"type":"Feature","geometry":{"type":"LineString","coordinates":[[-84.33346,33.60593],[-84.9042,33.46164]]},"properties":{"id":"GPC_19601","utility":"GPC","name":"MORROW - YATES COMMON 115KV LINE UPGRADE","a":"MORROW","b":"YATES COMMON","kv":[115],"status":"New Project","start":"2024-05-01","isd":"2027-05-01","window_basis":"published start date","cost":null,"desc":"On the Fife - Fairburn SW - Owens Corning Tap sections of the Morrow - Yates Common 115kV line, rebuild approximately 5.8 miles of 50C 477 ACSR with 210C 1334 T13 ACCR Martin or 200C 1351.0 ACSS Martin.","source_id":"19601","doc":"Georgia Power 2025 IRP Vol. 3 (public disclosure): 2024 GA ITS Ten-Year Plan (2025-2034)","page":290,"conf":"high","loc_a":{"name":"MORROW","matched":"Morrow Substation","method":"OSM name match (exact)","confidence":"high","note":""},"loc_b":{"name":"YATES COMMON","matched":"Yates Common Substation","method":"OSM name match (exact)","confidence":"high","note":""},"fix":"","n_overlaps":0,"budget":null,"budget_check":"","best_tier":null,"length_km":55.28}},{"type":"Feature","geometry":{"type":"LineString","coordinates":[[-85.13916,33.59201],[-84.9042,33.46164]]},"properties":{"id":"GPC_15879","utility":"GPC","name":"POSSUM BRANCH - YATES COMMON 115KV REBUILD (YATES TO CLEM)","a":"POSSUM BRANCH","b":"YATES COMMON","kv":[115],"status":"New Project","start":"2025-06-01","isd":"2027-05-01","window_basis":"published start date","cost":null,"desc":"Rebuild 11.2 miles of 100C 477 ACSR with 200C 1334 T13 ACCR Martin or 200C 1351.0 ACSS between Yates Common to Oak Mountain. Replace limiting elements along the line.","source_id":"15879","doc":"Georgia Power 2025 IRP Vol. 3 (public disclosure): 2024 GA ITS Ten-Year Plan (2025-2034)","page":291,"conf":"low","loc_a":{"name":"POSSUM BRANCH","matched":"Possum Branch, Carroll County (approx.)","method":"approximate: Nominatim waterway/stream (town/street level, not the substation itself)","confidence":"low","note":""},"loc_b":{"name":"YATES COMMON","matched":"Yates Common Substation","method":"OSM name match (exact)","confidence":"high","note":""},"fix":"","n_overlaps":0,"budget":null,"budget_check":"","best_tier":null,"length_km":26.16}},{"type":"Feature","geometry":{"type":"Point","coordinates":[-84.67673,33.37809]},"properties":{"id":"GPC_20781","utility":"GPC","name":"CC - SUMMER LAKE - VILLA RICA 230KV REBUILD (CC IMPROVEMENT)","a":"CC","b":"SUMMER LAKE","kv":[230],"status":"New Project","start":"2025-06-01","isd":"2027-06-01","window_basis":"published start date","cost":null,"desc":"Rebuild the 2.5 mile section from Villa Rica to the new East Villa Rica Switching station on the Summer Lake - Villa Rica 230kV line with bundled 200C 1351 ACSS Martin.","source_id":"20781","doc":"Georgia Power 2025 IRP Vol. 3 (public disclosure): 2024 GA ITS Ten-Year Plan (2025-2034)","page":294,"conf":"medium","loc_a":null,"loc_b":{"name":"SUMMER LAKE","matched":"Summer Grove Substation","method":"OSM name match (all name words present)","confidence":"medium","note":""},"fix":"","n_overlaps":0,"budget":null,"budget_check":"","best_tier":null,"length_km":null}},{"type":"Feature","geometry":{"type":"Point","coordinates":[-83.69879,33.83792]},"properties":{"id":"GPC_20234","utility":"GPC","name":"DOYLE - LG&E MONROE 230KV - JACKS CREEK LOOP IN","a":"DOYLE","b":"LG&E MONROE","kv":[230],"status":"New Project","start":"2027-01-03","isd":"2027-06-01","window_basis":"published start date","cost":null,"desc":"Loop in and out the new Jack's Creek 230kV switching station into the Doyle - LG&E Monroe 230kV line. This is coordinated with the East Walton Project (TEAMS #09662).","source_id":"20234","doc":"Georgia Power 2025 IRP Vol. 3 (public disclosure): 2024 GA ITS Ten-Year Plan (2025-2034)","page":296,"conf":"medium","loc_a":{"name":"DOYLE","matched":"Doyle Substation","method":"OSM name match (exact)","confidence":"high","note":""},"loc_b":null,"fix":"","n_overlaps":0,"budget":null,"budget_check":"","best_tier":null,"length_km":null}},{"type":"Feature","geometry":{"type":"Point","coordinates":[-84.24214,34.67037]},"properties":{"id":"GPC_20858","utility":"GPC","name":"GTC: ADAMSVILLE - BUZZARD ROOST 230KV REBUILD","a":"ADAMSVILLE","b":"BUZZARD ROOST","kv":[230],"status":"New Project","start":"2025-06-01","isd":"2027-06-01","window_basis":"published start date","cost":null,"desc":"GTC plans to rebuild 5 miles of line from Buzzard Roost to Boat Rock Road with 200C 1351 ACSS Martin.","source_id":"20858","doc":"Georgia Power 2025 IRP Vol. 3 (public disclosure): 2024 GA ITS Ten-Year Plan (2025-2034)","page":297,"conf":"low","loc_a":null,"loc_b":{"name":"BUZZARD ROOST","matched":"Buzzard Roost, Fannin County (approx.)","method":"approximate: Nominatim natural/peak (town/street level, not the substation itself)","confidence":"low","note":""},"fix":"","n_overlaps":0,"budget":null,"budget_check":"","best_tier":null,"length_km":null}},{"type":"Feature","geometry":{"type":"LineString","coordinates":[[-84.74771,33.7515],[-84.85487,33.74102]]},"properties":{"id":"GPC_20776","utility":"GPC","name":"GTC: DOUGLASVILLE - VILLA RICA 230KV REBUILD (CC IMPROVEMENT)","a":"DOUGLASVILLE","b":"VILLA RICA","kv":[230],"status":"New Project","start":"2025-06-01","isd":"2027-06-01","window_basis":"published start date","cost":null,"desc":"Rebuild the 2.5 mile section from Villa to the new East Villa Rica Switching station on the Douglasville - Villa Rica 230kV line with bundled 200C 1351 ACSS Martin.","source_id":"20776","doc":"Georgia Power 2025 IRP Vol. 3 (public disclosure): 2024 GA ITS Ten-Year Plan (2025-2034)","page":298,"conf":"low","loc_a":{"name":"DOUGLASVILLE","matched":"Douglasville, Douglas County (approx.)","method":"approximate: Nominatim boundary/administrative (town/street level, not the substation itself)","confidence":"low","note":""},"loc_b":{"name":"VILLA RICA","matched":"Villa Rica Substation","method":"OSM name match (exact)","confidence":"high","note":""},"fix":"","n_overlaps":0,"budget":null,"budget_check":"","best_tier":null,"length_km":9.98}},{"type":"Feature","geometry":{"type":"LineString","coordinates":[[-83.69879,33.83792],[-83.75313,33.99546]]},"properties":{"id":"GPC_20778","utility":"GPC","name":"GTC: DOYLE - WINDER PRIMARY 230KV LINE JUMPER REPLACEMENT","a":"DOYLE","b":"WINDER PRIMARY","kv":[230],"status":"New Project","start":"2025-12-31","isd":"2027-06-01","window_basis":"published start date","cost":null,"desc":"Replace the limiting AAC 1033 jumper with AAC 1590 at Doyle on the Doyle - Winder Primary 230kV line.","source_id":"20778","doc":"Georgia Power 2025 IRP Vol. 3 (public disclosure): 2024 GA ITS Ten-Year Plan (2025-2034)","page":299,"conf":"medium","loc_a":{"name":"DOYLE","matched":"Doyle Substation","method":"OSM name match (exact)","confidence":"high","note":""},"loc_b":{"name":"WINDER PRIMARY","matched":"Winder Primary Substation","method":"OSM name match (exact)","confidence":"medium","note":""},"fix":"","n_overlaps":0,"budget":null,"budget_check":"","best_tier":null,"length_km":18.22}},{"type":"Feature","geometry":{"type":"Point","coordinates":[-83.74347,31.24218]},"properties":{"id":"GPC_19358","utility":"GPC","name":"GTC: EAST MOULTRIE - HIGHWAY 112 230 KV LINE","a":"EAST MOULTRIE","b":"HIGHWAY 112","kv":[230],"status":"New Project","start":"2022-06-01","isd":"2027-06-01","window_basis":"published start date","cost":null,"desc":"Build a new 27 miles of 230kV line between HWY 112 and East Moultrie substations with 100C 1351 ACSR conductor.","source_id":"19358","doc":"Georgia Power 2025 IRP Vol. 3 (public disclosure): 2024 GA ITS Ten-Year Plan (2025-2034)","page":300,"conf":"medium","loc_a":{"name":"EAST MOULTRIE","matched":"East Moultrie Substation","method":"OSM name match (exact)","confidence":"high","note":""},"loc_b":null,"fix":"","n_overlaps":0,"budget":null,"budget_check":"","best_tier":null,"length_km":null}},{"type":"Feature","geometry":{"type":"Point","coordinates":[-84.85487,33.74102]},"properties":{"id":"GPC_20505","utility":"GPC","name":"GTC: GARRETT RD - V. RICA 230KV LINE RECONDUCTOR (CC NET IM)","a":"GARRETT RD","b":"VILLA RICA","kv":[230],"status":"New Project","start":"2027-01-01","isd":"2027-06-01","window_basis":"published start date","cost":null,"desc":"GTC will reconductor the section from East Villa Rica Switching station to Garrett Rd with 160C 1351 ACSS on 11.5 miles of the Garrett Road - Villa Rica 230kV line. Additionally, the 2.5 miles section from East Villa Rica Switching Station to Villa Rica will be rebuilt with bundled 200C 1351 ACSS Martin.","source_id":"20505","doc":"Georgia Power 2025 IRP Vol. 3 (public disclosure): 2024 GA ITS Ten-Year Plan (2025-2034)","page":303,"conf":"medium","loc_a":null,"loc_b":{"name":"VILLA RICA","matched":"Villa Rica Substation","method":"OSM name match (exact)","confidence":"high","note":""},"fix":"","n_overlaps":0,"budget":null,"budget_check":"","best_tier":null,"length_km":null}},{"type":"Feature","geometry":{"type":"Point","coordinates":[-82.66569,32.90682]},"properties":{"id":"GPC_19622","utility":"GPC","name":"GTC: RIDDLEVILLE BUS REPLACEMENT","a":"RIDDLEVILLE","b":"","kv":[],"status":"New Project","start":"2023-01-09","isd":"2027-06-01","window_basis":"published start date","cost":null,"desc":"GTC will replace the main 115kV bus at Riddleville substation with higher rating.","source_id":"19622","doc":"Georgia Power 2025 IRP Vol. 3 (public disclosure): 2024 GA ITS Ten-Year Plan (2025-2034)","page":304,"conf":"low","loc_a":{"name":"RIDDLEVILLE","matched":"Riddleville, Washington County (approx.)","method":"approximate: Nominatim boundary/administrative (town/street level, not the substation itself)","confidence":"low","note":""},"loc_b":null,"fix":"","n_overlaps":0,"budget":null,"budget_check":"","best_tier":null,"length_km":null}},{"type":"Feature","geometry":{"type":"LineString","coordinates":[[-82.56669,31.81069],[-82.37152,31.53937]]},"properties":{"id":"GPC_20020","utility":"GPC","name":"GTC: SOUTH HAZLEHURST - NEW LACY 230KV LINE","a":"SOUTH HAZLEHURST","b":"NEW LACY","kv":[230],"status":"New Project","start":"2024-01-15","isd":"2027-06-01","window_basis":"published start date","cost":null,"desc":"GTC will build a new 230kV transmission line between South Hazlehurst (bus 2) and New Lacy substation (approximately 25 miles) with 100C ACSR 1351 Martin conductor. Do all the necessary upgrade work to accommodate the additional line in both facilities.","source_id":"20020","doc":"Georgia Power 2025 IRP Vol. 3 (public disclosure): 2024 GA ITS Ten-Year Plan (2025-2034)","page":306,"conf":"low","loc_a":{"name":"SOUTH HAZLEHURST","matched":"South Hazlehurst Substation","method":"OSM name match (exact)","confidence":"high","note":""},"loc_b":{"name":"NEW LACY","matched":"New Lacy, Bacon County (approx.)","method":"approximate: Nominatim place/hamlet (town/street level, not the substation itself)","confidence":"low","note":""},"fix":"","n_overlaps":0,"budget":null,"budget_check":"","best_tier":null,"length_km":35.37}},{"type":"Feature","geometry":{"type":"LineString","coordinates":[[-84.58765,33.75355],[-84.62963,33.79202]]},"properties":{"id":"GPC_20506","utility":"GPC","name":"GTC: SWITCH WAY - THORNTON ROAD 230KV LINE REBUILD","a":"SWITCH WAY","b":"THORNTON ROAD","kv":[230],"status":"New Project","start":"2025-01-01","isd":"2027-06-01","window_basis":"published start date","cost":null,"desc":"GTC will rebuild the 1.3 mile Switchway - Thornton Rd 230kV line with 200C 1351 ACSS.","source_id":"20506","doc":"Georgia Power 2025 IRP Vol. 3 (public disclosure): 2024 GA ITS Ten-Year Plan (2025-2034)","page":307,"conf":"low","loc_a":{"name":"SWITCH WAY","matched":"Switch Way, Mableton (approx.)","method":"approximate: Nominatim highway/residential (town/street level, not the substation itself)","confidence":"low","note":""},"loc_b":{"name":"THORNTON ROAD","matched":"Thornton Road, Lithia Springs (approx.)","method":"approximate: Nominatim highway/trunk (town/street level, not the substation itself)","confidence":"low","note":""},"fix":"","n_overlaps":0,"budget":null,"budget_check":"","best_tier":null,"length_km":5.78}},{"type":"Feature","geometry":{"type":"LineString","coordinates":[[-81.92495,31.60311],[-82.14366,31.42307]]},"properties":{"id":"GPC_18668","utility":"GPC","name":"JESUP - OFFERMAN 115KV REBUILD","a":"JESUP","b":"OFFERMAN","kv":[115],"status":"Project delayed from 2024 to 2027","start":"2021-04-06","isd":"2027-06-01","window_basis":"published start date","cost":null,"desc":"Rebuild 20 miles of 100C 4/0 ACSR Penguin conductor along the Jesup - Offerman 115kV line, with 100C 795 ACSR Drake conductor.","source_id":"18668","doc":"Georgia Power 2025 IRP Vol. 3 (public disclosure): 2024 GA ITS Ten-Year Plan (2025-2034)","page":308,"conf":"medium","loc_a":{"name":"JESUP","matched":"Jesup Substation","method":"OSM name match (exact)","confidence":"medium","note":""},"loc_b":{"name":"OFFERMAN","matched":"Offerman Substation","method":"OSM name match (exact)","confidence":"high","note":""},"fix":"","n_overlaps":0,"budget":null,"budget_check":"","best_tier":null,"length_km":28.82}},{"type":"Feature","geometry":{"type":"LineString","coordinates":[[-83.95566,33.94457],[-83.75783,34.02352]]},"properties":{"id":"GPC_10143","utility":"GPC","name":"LAWRENCEVILLE - WINDER 115KV LINE REBUILD","a":"LAWRENCEVILLE","b":"WINDER","kv":[115],"status":"New Project","start":"2026-10-15","isd":"2027-06-01","window_basis":"published start date","cost":null,"desc":"Rebuild approximately 1.2 miles of 100C 636 ACSR conductor from Johns Manville to Winder Primary with 200C 795 ACSS conductor.","source_id":"10143","doc":"Georgia Power 2025 IRP Vol. 3 (public disclosure): 2024 GA ITS Ten-Year Plan (2025-2034)","page":309,"conf":"medium","loc_a":{"name":"LAWRENCEVILLE","matched":"Lawrenceville Substation #1","method":"OSM name match (exact)","confidence":"medium","note":""},"loc_b":{"name":"WINDER","matched":"Winder Substation","method":"OSM name match (exact)","confidence":"medium","note":""},"fix":"","n_overlaps":0,"budget":null,"budget_check":"","best_tier":null,"length_km":20.24}},{"type":"Feature","geometry":{"type":"LineString","coordinates":[[-83.95566,33.94457],[-83.75313,33.99546]]},"properties":{"id":"GPC_10481","utility":"GPC","name":"LAWRENCEVILLE - WINDER PRIMARY 230KV LINE REBUILD","a":"LAWRENCEVILLE","b":"WINDER PRIMARY","kv":[230],"status":"New Project","start":"2024-06-01","isd":"2027-06-01","window_basis":"published start date","cost":null,"desc":"Rebuild the entire Lawrenceville - Winder Primary 230kV line, approximately 15.4 miles, using 200C 1351 ACSS \"Martin\" conductor.","source_id":"10481","doc":"Georgia Power 2025 IRP Vol. 3 (public disclosure): 2024 GA ITS Ten-Year Plan (2025-2034)","page":310,"conf":"medium","loc_a":{"name":"LAWRENCEVILLE","matched":"Lawrenceville Substation #1","method":"OSM name match (exact)","confidence":"medium","note":""},"loc_b":{"name":"WINDER PRIMARY","matched":"Winder Primary Substation","method":"OSM name match (exact)","confidence":"medium","note":""},"fix":"","n_overlaps":0,"budget":null,"budget_check":"","best_tier":null,"length_km":19.52}},{"type":"Feature","geometry":{"type":"LineString","coordinates":[[-82.81977,33.46826],[-82.6873,33.3805]]},"properties":{"id":"GPC_20264","utility":"GPC","name":"MEAG: RAY PLACE RD - WARRENTON PRIMARY","a":"RAY PLACE RD","b":"WARRENTON PRIMARY","kv":[],"status":"New Project","start":"2026-01-01","isd":"2027-06-01","window_basis":"published start date","cost":null,"desc":"Rebuild 10 miles of Ray Place - Warrenton Primary 115kV line with 100C 2 - 1351 ACSR conductor and replace 1590 AAC Coreopsis jumpers at Warrenton.","source_id":"20264","doc":"Georgia Power 2025 IRP Vol. 3 (public disclosure): 2024 GA ITS Ten-Year Plan (2025-2034)","page":311,"conf":"low","loc_a":{"name":"RAY PLACE RD","matched":"Ray Place Road Switching Station","method":"OSM name match (fuzzy 0.92)","confidence":"low","note":""},"loc_b":{"name":"WARRENTON PRIMARY","matched":"Warrenton Primary Substation","method":"OSM name match (exact)","confidence":"medium","note":""},"fix":"","n_overlaps":0,"budget":null,"budget_check":"","best_tier":null,"length_km":15.7}},{"type":"Feature","geometry":{"type":"LineString","coordinates":[[-82.80194,32.99848],[-82.39747,32.80856]]},"properties":{"id":"GPC_19248","utility":"GPC","name":"SANDERSVILLE #1 - WADLEY PRI. 115KV REBUILD/RECONDUCTOR","a":"SANDERSVILLE","b":"WADLEY PRIMARY","kv":[115],"status":"New Project","start":"2022-02-15","isd":"2027-06-01","window_basis":"published start date","cost":null,"desc":"Rebuild approximately 24.3 miles of the Sandersville #1 - Wadley Primary 115kV line from 100C 336 ACSR Linnet conductor to 100C 1351 ACSR Drake conductor. Replace limiting elements in substations along the line.","source_id":"19248","doc":"Georgia Power 2025 IRP Vol. 3 (public disclosure): 2024 GA ITS Ten-Year Plan (2025-2034)","page":312,"conf":"medium","loc_a":{"name":"SANDERSVILLE","matched":"Sandersville Substation #1","method":"OSM name match (exact)","confidence":"medium","note":""},"loc_b":{"name":"WADLEY PRIMARY","matched":"Wadley #4 Substation","method":"OSM name match (exact (ignoring qualifiers))","confidence":"medium","note":""},"fix":"","n_overlaps":0,"budget":null,"budget_check":"","best_tier":null,"length_km":43.26}},{"type":"Feature","geometry":{"type":"LineString","coordinates":[[-81.20947,32.2487],[-81.14598,32.14814]]},"properties":{"id":"GPC_20785","utility":"GPC","name":"SAV: GOSHEN (SAV) - KRAFT 115KV LINE REBUILD","a":"GOSHEN (SAV)","b":"KRAFT","kv":[115],"status":"New Project","start":"2024-06-01","isd":"2027-06-01","window_basis":"published start date","cost":null,"desc":"Rebuild 9.3 miles of Goshen - Kraft 115kV line from Kraft - Godley J - Rice Hope from 100C 795 ACSR Drake to 200C 1351 ACSS Martin.","source_id":"20785","doc":"Georgia Power 2025 IRP Vol. 3 (public disclosure): 2024 GA ITS Ten-Year Plan (2025-2034)","page":313,"conf":"high","loc_a":{"name":"GOSHEN (SAV)","matched":"Goshen Substation","method":"OSM name match (exact (ignoring qualifiers))","confidence":"high","note":""},"loc_b":{"name":"KRAFT","matched":"Kraft Substation","method":"OSM name match (exact)","confidence":"high","note":""},"fix":"","n_overlaps":4,"budget":null,"budget_check":"","best_tier":4,"length_km":12.68}},{"type":"Feature","geometry":{"type":"LineString","coordinates":[[-81.20947,32.2487],[-81.17511,32.35212]]},"properties":{"id":"GPC_20065","utility":"GPC","name":"SAV: GOSHEN (SAV) - MCINTOSH 115KV LINE REBUILD","a":"GOSHEN (SAV)","b":"MCINTOSH","kv":[115],"status":"New Project","start":"2025-06-01","isd":"2027-06-01","window_basis":"published start date","cost":null,"desc":"Rebuild the Goshen (Savannah) - Georgia Pacific (Rincon) section, approximately 6.7 miles, of the Goshen (Sav) - McIntosh 115kV line using 100C 795 ACSR Drake conductor.","source_id":"20065","doc":"Georgia Power 2025 IRP Vol. 3 (public disclosure): 2024 GA ITS Ten-Year Plan (2025-2034)","page":314,"conf":"high","loc_a":{"name":"GOSHEN (SAV)","matched":"Goshen Substation","method":"OSM name match (exact (ignoring qualifiers))","confidence":"high","note":""},"loc_b":{"name":"MCINTOSH","matched":"McIntosh Substation","method":"OSM name match (exact)","confidence":"high","note":""},"fix":"","n_overlaps":4,"budget":null,"budget_check":"","best_tier":3,"length_km":11.94}},{"type":"Feature","geometry":{"type":"Point","coordinates":[-84.09,33.2714]},"properties":{"id":"GPC_20717","utility":"GPC","name":"CC - TOMOCHICHI 500/230KV SOLUTION (CC NETWORK IMPROVEMENTS)","a":"CC","b":"TOMOCHICHI","kv":[500,230],"status":"New Project","start":"2024-06-01","isd":"2027-07-15","window_basis":"published start date","cost":null,"desc":"Build the new Tomochichi 500/230kV switching station (four element ring bus 500kV high side, four element breaker and a half 230kV low side) splitting the Ohara - Schere 500kV line. Build two new 230kV lines from the new Tomochichi substation to the new Towaliga River 230kV substation.","source_id":"20717","doc":"Georgia Power 2025 IRP Vol. 3 (public disclosure): 2024 GA ITS Ten-Year Plan (2025-2034)","page":315,"conf":"low","loc_a":null,"loc_b":{"name":"TOMOCHICHI","matched":"approximate: midpoint of the O'Hara - Scherer 500 kV line","method":"manual: project description + OSM","confidence":"low","note":"New switching station 'splitting the Ohara - Schere 500kV line' with new lines to the new Towaliga River substation (central Georgia). Placed at the midpoint of O'Hara (33.4819,-84.3674) and Scherer (33.0609,-83.8127) substations."},"fix":"","n_overlaps":0,"budget":null,"budget_check":"","best_tier":null,"length_km":null}},{"type":"Feature","geometry":{"type":"Point","coordinates":[-83.69888,32.92722]},"properties":{"id":"GPC_18573","utility":"GPC","name":"GRID - ARKWRIGHT - LLOYD SHOALS 115KV","a":"GRID","b":"ARKWRIGHT","kv":[115],"status":"Project delayed from 2024 to 2027. Previously listed under TEAMS #12016.","start":"2021-06-01","isd":"2027-07-30","window_basis":"published start date","cost":null,"desc":"Rebuild the Arkwright - Lloyd Shoals 115kV line with 100C 795 ACSR Drake.","source_id":"18573","doc":"Georgia Power 2025 IRP Vol. 3 (public disclosure): 2024 GA ITS Ten-Year Plan (2025-2034)","page":316,"conf":"low","loc_a":null,"loc_b":{"name":"ARKWRIGHT","matched":"Arkwight Substation","method":"OSM name match (fuzzy 0.94)","confidence":"low","note":""},"fix":"","n_overlaps":0,"budget":null,"budget_check":"","best_tier":null,"length_km":null}},{"type":"Feature","geometry":{"type":"Point","coordinates":[-83.40252,33.30448]},"properties":{"id":"GPC_20591","utility":"GPC","name":"GTC: EATONTON PRIMARY (035591) - LICK CREEK 115KV REBUILD","a":"EATONTON PRIMARY","b":"LICK CREEK","kv":[115],"status":"New Project","start":"2023-10-01","isd":"2027-12-01","window_basis":"published start date","cost":null,"desc":"Rebuild approximately 7.5 miles Eatonton Primary - Lick Creek 115kV line section with 100C 795 ACSR conductor.","source_id":"20591","doc":"Georgia Power 2025 IRP Vol. 3 (public disclosure): 2024 GA ITS Ten-Year Plan (2025-2034)","page":317,"conf":"medium","loc_a":{"name":"EATONTON PRIMARY","matched":"Eatonton Substation","method":"OSM name match (exact (ignoring qualifiers))","confidence":"high","note":""},"loc_b":null,"fix":"","n_overlaps":0,"budget":null,"budget_check":"","best_tier":null,"length_km":null}},{"type":"Feature","geometry":{"type":"LineString","coordinates":[[-83.34612,33.9764],[-83.38476,33.86055]]},"properties":{"id":"GPC_17977","utility":"GPC","name":"ATHENA - EAST WATKINSVILLE 115 KV (REBUILD)","a":"ATHENA","b":"EAST WATKINSVILLE","kv":[115],"status":"New Project","start":"2024-08-01","isd":"2027-12-31","window_basis":"published start date","cost":null,"desc":"Rebuild 8.47 miles of the University of Georgia - East Watkinsville line sections on the Athena - East Watkinsville 115kV line with 100C ACSR 1033 conductor.","source_id":"17977","doc":"Georgia Power 2025 IRP Vol. 3 (public disclosure): 2024 GA ITS Ten-Year Plan (2025-2034)","page":318,"conf":"high","loc_a":{"name":"ATHENA","matched":"Athena Substation","method":"OSM name match (exact)","confidence":"high","note":""},"loc_b":{"name":"EAST WATKINSVILLE","matched":"East Watkinsville Substation","method":"OSM name match (exact)","confidence":"high","note":""},"fix":"","n_overlaps":0,"budget":null,"budget_check":"","best_tier":null,"length_km":13.37}},{"type":"Feature","geometry":{"type":"LineString","coordinates":[[-83.73995,32.56338],[-83.70202,32.45538]]},"properties":{"id":"GPC_19997","utility":"GPC","name":"AULTMAN ROAD-PERRY 115KV LINE REBUILD","a":"AULTMAN ROAD","b":"PERRY","kv":[115],"status":"New Project","start":"2025-06-01","isd":"2028-06-01","window_basis":"published start date","cost":null,"desc":"Rebuild the PPG J2 - Langston Road line section of the Aultman Road - Perry 115kV line from 100C 336 ACSR Linnet conductor to 200C 1351 ACSS conductor.","source_id":"19997","doc":"Georgia Power 2025 IRP Vol. 3 (public disclosure): 2024 GA ITS Ten-Year Plan (2025-2034)","page":321,"conf":"low","loc_a":{"name":"AULTMAN ROAD","matched":"Altman Road Substation","method":"OSM name match (fuzzy 0.96)","confidence":"low","note":""},"loc_b":{"name":"PERRY","matched":"Perry Primary Substation","method":"OSM name match (exact (ignoring qualifiers))","confidence":"high","note":""},"fix":"","n_overlaps":0,"budget":null,"budget_check":"","best_tier":null,"length_km":12.52}},{"type":"Feature","geometry":{"type":"Point","coordinates":[-84.9596,33.7418]},"properties":{"id":"GPC_20797","utility":"GPC","name":"CC - EAST VILLA RICA AREA SWITCHING STATION (CC IMPROVEMENT)","a":"CC","b":"EAST VILLA RICA","kv":[],"status":"New Project","start":"2025-06-01","isd":"2028-06-01","window_basis":"published start date","cost":null,"desc":"Build a 7 rung breaker and a half switching station along the right of way of the (3) 230kV lines about 2.5 miles East of Villa Rica to service recently signed customers in the area. All three lines will terminate into this station.","source_id":"20797","doc":"Georgia Power 2025 IRP Vol. 3 (public disclosure): 2024 GA ITS Ten-Year Plan (2025-2034)","page":322,"conf":"low","loc_a":null,"loc_b":{"name":"EAST VILLA RICA","matched":"West Villa Rica Substation","method":"OSM name match (fuzzy 0.93)","confidence":"low","note":""},"fix":"","n_overlaps":0,"budget":null,"budget_check":"","best_tier":null,"length_km":null}},{"type":"Feature","geometry":{"type":"Point","coordinates":[-84.85487,33.74102]},"properties":{"id":"GPC_20774","utility":"GPC","name":"CC - VILLA RICA UPGRADES (CC NETWORK IMPROVEMENTS)","a":"CC","b":"VILLA RICA","kv":[],"status":"New Project","start":"2026-06-01","isd":"2028-06-01","window_basis":"published start date","cost":null,"desc":"Loop in the Bowen - Union City line into Villa Rica 500kV bus and add a second 2016 MVA 500/230kV auto transformer. Convert the 230kV side to a 10 element breaker and a half scheme.","source_id":"20774","doc":"Georgia Power 2025 IRP Vol. 3 (public disclosure): 2024 GA ITS Ten-Year Plan (2025-2034)","page":323,"conf":"medium","loc_a":null,"loc_b":{"name":"VILLA RICA","matched":"Villa Rica Substation","method":"OSM name match (exact)","confidence":"high","note":""},"fix":"","n_overlaps":0,"budget":null,"budget_check":"","best_tier":null,"length_km":null}},{"type":"Feature","geometry":{"type":"LineString","coordinates":[[-83.29241,31.72933],[-83.54072,31.94462]]},"properties":{"id":"GPC_21048","utility":"GPC","name":"FITZGERALD - PITTS 115 KV LINE REBUILD","a":"FITZGERALD","b":"PITTS","kv":[115],"status":"New Project","start":"2025-06-01","isd":"2028-06-01","window_basis":"published start date","cost":null,"desc":"Rebuild approximately 26.14 miles of the Fitzgerald - Pitts 115kV line with 200C 1351 ACSS.","source_id":"21048","doc":"Georgia Power 2025 IRP Vol. 3 (public disclosure): 2024 GA ITS Ten-Year Plan (2025-2034)","page":324,"conf":"low","loc_a":{"name":"FITZGERALD","matched":"Fitzgerald Substation","method":"OSM name match (exact)","confidence":"high","note":""},"loc_b":{"name":"PITTS","matched":"Pitts, Wilcox County (approx.)","method":"approximate: Nominatim boundary/administrative (town/street level, not the substation itself)","confidence":"low","note":""},"fix":"","n_overlaps":0,"budget":null,"budget_check":"","best_tier":null,"length_km":33.52}},{"type":"Feature","geometry":{"type":"Point","coordinates":[-84.15297,33.05554]},"properties":{"id":"GPC_08458","utility":"GPC","name":"GTC: BARNESVILLE - SOUTH GRIFFIN 230KV PROJECT","a":"BARNESVILLE","b":"SOUTH GRIFFIN","kv":[230],"status":"New Project","start":"2026-01-01","isd":"2028-06-01","window_basis":"published start date","cost":null,"desc":"Construct 19 miles of 230kV circuit, on existing ROW, using200C 1351 ACSS conductor from South Griffin 230/115kV substation to the Barnesville 230/69kV substation.","source_id":"08458","doc":"Georgia Power 2025 IRP Vol. 3 (public disclosure): 2024 GA ITS Ten-Year Plan (2025-2034)","page":325,"conf":"medium","loc_a":{"name":"BARNESVILLE","matched":"Barnesville #1 Substation","method":"OSM name match (exact)","confidence":"medium","note":""},"loc_b":null,"fix":"","n_overlaps":0,"budget":null,"budget_check":"","best_tier":null,"length_km":null}},{"type":"Feature","geometry":{"type":"LineString","coordinates":[[-83.45405,31.21408],[-83.74347,31.24218]]},"properties":{"id":"GPC_20503","utility":"GPC","name":"GTC: BARNEYVILLE - EAST MOULTRIE 115KV NEW LINE","a":"BARNEYVILLE","b":"EAST MOULTRIE","kv":[115],"status":"New Project","start":"2025-06-01","isd":"2028-06-01","window_basis":"published start date","cost":null,"desc":"Build a new 20 miles of 115kV line with 200C 1351 ACSS from Barneyville to East Moultrie. Add 115kV breakers to Barneyville and East Moultrie substations.","source_id":"20503","doc":"Georgia Power 2025 IRP Vol. 3 (public disclosure): 2024 GA ITS Ten-Year Plan (2025-2034)","page":326,"conf":"low","loc_a":{"name":"BARNEYVILLE","matched":"Barneyville, Cook County (approx.)","method":"approximate: Nominatim place/hamlet (town/street level, not the substation itself)","confidence":"low","note":""},"loc_b":{"name":"EAST MOULTRIE","matched":"East Moultrie Substation","method":"OSM name match (exact)","confidence":"high","note":""},"fix":"","n_overlaps":0,"budget":null,"budget_check":"","best_tier":null,"length_km":27.7}},{"type":"Feature","geometry":{"type":"Point","coordinates":[-83.60002,32.56479]},"properties":{"id":"GPC_20873","utility":"GPC","name":"GTC: BONAIRE PRIMARY 500/230KV XFMR REPLCMNT & RELAY MOD","a":"BONAIRE PRIMARY","b":"","kv":[500,230],"status":"New Project","start":"2024-03-14","isd":"2028-06-01","window_basis":"published start date","cost":null,"desc":"Replace 500/230kV, auto transformer C with a new 448 MVA transformer. Replace obsolete relay panels.","source_id":"20873","doc":"Georgia Power 2025 IRP Vol. 3 (public disclosure): 2024 GA ITS Ten-Year Plan (2025-2034)","page":327,"conf":"high","loc_a":{"name":"BONAIRE PRIMARY","matched":"Bonaire Primary Substation","method":"OSM name match (exact)","confidence":"high","note":""},"loc_b":null,"fix":"","n_overlaps":0,"budget":null,"budget_check":"","best_tier":null,"length_km":null}},{"type":"Feature","geometry":{"type":"LineString","coordinates":[[-83.51451,33.73737],[-83.67933,33.67415]]},"properties":{"id":"GPC_19992","utility":"GPC","name":"GTC: BOSTWICK - EAST SOCIAL CIRCLE 230KV RECONDUCTOR","a":"BOSTWICK","b":"EAST SOCIAL CIRCLE","kv":[230],"status":"New Project","start":"2024-12-31","isd":"2028-06-01","window_basis":"published start date","cost":null,"desc":"Reconductor 10.8 miles of the East Social Circle - East Watkinsville 230kV line (up to future Bostwick location) from 1033 ACSR Curlew conductor to 1033 ACCR 200C conductor.","source_id":"19992","doc":"Georgia Power 2025 IRP Vol. 3 (public disclosure): 2024 GA ITS Ten-Year Plan (2025-2034)","page":328,"conf":"low","loc_a":{"name":"BOSTWICK","matched":"Bostwick, Morgan County (approx.)","method":"approximate: Nominatim boundary/administrative (town/street level, not the substation itself)","confidence":"low","note":""},"loc_b":{"name":"EAST SOCIAL CIRCLE","matched":"East Social Circle Substation","method":"OSM name match (exact)","confidence":"high","note":""},"fix":"","n_overlaps":0,"budget":null,"budget_check":"","best_tier":null,"length_km":16.79}},{"type":"Feature","geometry":{"type":"LineString","coordinates":[[-84.14416,30.88231],[-84.48892,30.83961]]},"properties":{"id":"GPC_19629","utility":"GPC","name":"MEAG: BRUMBLEY CREEK - SOUTH BAINBRIDGE 115KV REBUILD","a":"BRUMBLEY CREEK","b":"SOUTH BAINBRIDGE","kv":[115],"status":"New Project","start":"2024-01-01","isd":"2028-06-01","window_basis":"published start date","cost":null,"desc":"Rebuild 2.1 miles segment from line tap into Roddenbery Station on the South Bainbridge - Thomasville 115kV line from 50C ACSR TW 762.8 to 200C 1351 ACSS conductor.","source_id":"19629","doc":"Georgia Power 2025 IRP Vol. 3 (public disclosure): 2024 GA ITS Ten-Year Plan (2025-2034)","page":330,"conf":"low","loc_a":{"name":"BRUMBLEY CREEK","matched":"Brumbley Creek, Grady County (approx.)","method":"approximate: Nominatim waterway/stream (town/street level, not the substation itself)","confidence":"low","note":""},"loc_b":{"name":"SOUTH BAINBRIDGE","matched":"South Bainbridge Substation","method":"OSM name match (exact)","confidence":"high","note":""},"fix":"","n_overlaps":0,"budget":null,"budget_check":"","best_tier":null,"length_km":33.25}},{"type":"Feature","geometry":{"type":"Point","coordinates":[-84.00503,30.90852]},"properties":{"id":"GPC_19630","utility":"GPC","name":"MEAG: THOMASVILLE 230/115KV AUTOBANK REPLACEMENT","a":"THOMASVILLE","b":"","kv":[230,115],"status":"New Project","start":"2027-06-01","isd":"2028-06-01","window_basis":"published start date","cost":null,"desc":"Replace the 140MVA 230/115kV auto transformer #4 at Thomasville substation.","source_id":"19630","doc":"Georgia Power 2025 IRP Vol. 3 (public disclosure): 2024 GA ITS Ten-Year Plan (2025-2034)","page":331,"conf":"high","loc_a":{"name":"THOMASVILLE","matched":"Thomasville Substation","method":"OSM name match (exact)","confidence":"high","note":""},"loc_b":null,"fix":"","n_overlaps":0,"budget":null,"budget_check":"","best_tier":null,"length_km":null}},{"type":"Feature","geometry":{"type":"Point","coordinates":[-85.18882,32.91876]},"properties":{"id":"GPC_20482","utility":"GPC","name":"PITTMAN ROAD - WEST POINT DAM (USA) 115KV REBUILD","a":"PITTMAN ROAD","b":"WEST POINT DAM (USA)","kv":[115],"status":"New Project","start":"2025-06-01","isd":"2028-06-01","window_basis":"published start date","cost":null,"desc":"Rebuild 3 miles from the Pittman Road 115kV station to the West Point Dam (USA) 115kV station with 100C 1351 ACSS Martin conductor. Replace AAC 750 jumper at Pittman Road 115kV with (2) 1590 AAC.","source_id":"20482","doc":"Georgia Power 2025 IRP Vol. 3 (public disclosure): 2024 GA ITS Ten-Year Plan (2025-2034)","page":332,"conf":"medium","loc_a":null,"loc_b":{"name":"WEST POINT DAM (USA)","matched":"West Point Dam","method":"OSM name match (exact (ignoring qualifiers))","confidence":"high","note":""},"fix":"","n_overlaps":0,"budget":null,"budget_check":"","best_tier":null,"length_km":null}},{"type":"Feature","geometry":{"type":"Point","coordinates":[-84.89696,33.45763]},"properties":{"id":"GPC_20656","utility":"GPC","name":"PLANT YATES BREAKER AND HALF STATION","a":"PLANT YATES","b":"","kv":[],"status":"New Project","start":"2024-05-01","isd":"2028-06-01","window_basis":"published start date","cost":null,"desc":"Rebuild the Yates 6 & 7 substation to a Breaker and a Half configuration.","source_id":"20656","doc":"Georgia Power 2025 IRP Vol. 3 (public disclosure): 2024 GA ITS Ten-Year Plan (2025-2034)","page":333,"conf":"high","loc_a":{"name":"PLANT YATES","matched":"Plant Yates","method":"OSM name match (exact)","confidence":"high","note":""},"loc_b":null,"fix":"","n_overlaps":0,"budget":null,"budget_check":"","best_tier":null,"length_km":null}},{"type":"Feature","geometry":{"type":"LineString","coordinates":[[-81.22691,32.10772],[-81.18872,32.08351]]},"properties":{"id":"GPC_20783","utility":"GPC","name":"SAV: COLEMAN - DEAN FOREST 115KV LINE REBUILD","a":"COLEMAN","b":"DEAN FOREST","kv":[115],"status":"New Project","start":"2025-06-01","isd":"2028-06-01","window_basis":"published start date","cost":null,"desc":"Rebuild entire line from Coleman to Dean Forest. 6.67 miles of 100C 477 Hawk Conductor with 200C 1351 ACSS Martin conductor.","source_id":"20783","doc":"Georgia Power 2025 IRP Vol. 3 (public disclosure): 2024 GA ITS Ten-Year Plan (2025-2034)","page":334,"conf":"medium","loc_a":{"name":"COLEMAN","matched":"Coleman Substation","method":"OSM name match (exact)","confidence":"medium","note":""},"loc_b":{"name":"DEAN FOREST","matched":"Dean Forest Substation","method":"OSM name match (exact)","confidence":"high","note":""},"fix":"","n_overlaps":4,"budget":null,"budget_check":"","best_tier":4,"length_km":4.49}},{"type":"Feature","geometry":{"type":"LineString","coordinates":[[-81.08618,32.02269],[-81.07194,32.04038]]},"properties":{"id":"GPC_20407","utility":"GPC","name":"SAV: MAGNOLIA - TRUMAN PARKWAY 115KV REBUILD","a":"MAGNOLIA","b":"TRUMAN PARKWAY","kv":[115],"status":"New Project","start":"2025-06-01","isd":"2028-06-01","window_basis":"published start date","cost":null,"desc":"Rebuild 3 miles of the Magnolia - Truman Parkway 115kV from 75C 927 ACAR to 200C 1351 ACSS Martin conductor or higher rated conductor. Upgrade 1200A switches at Magnolia substation to 2000A switches and jumpers at Truman Parkway.","source_id":"20407","doc":"Georgia Power 2025 IRP Vol. 3 (public disclosure): 2024 GA ITS Ten-Year Plan (2025-2034)","page":335,"conf":"low","loc_a":{"name":"MAGNOLIA","matched":"Magnolia Substation","method":"OSM name match (exact)","confidence":"high","note":""},"loc_b":{"name":"TRUMAN PARKWAY","matched":"Harry Truman Parkway, Oakland Park (approx.)","method":"approximate: Nominatim highway/motorway (town/street level, not the substation itself)","confidence":"low","note":""},"fix":"","n_overlaps":4,"budget":null,"budget_check":"","best_tier":4,"length_km":2.38}},{"type":"Feature","geometry":{"type":"Point","coordinates":[-84.9596,33.7418]},"properties":{"id":"GPC_21069","utility":"GPC","name":"SMART VALVES AT EAST VILLA RICA SWITCHING STATION","a":"EAST VILLA RICA","b":"","kv":[],"status":"New Project","start":"2028-06-01","isd":"2028-06-01","window_basis":"published start date","cost":null,"desc":"Installation of Power Flow Controllers at the new East Villa Rica Switching Station on the Douglasville - Villa Rica 230kV and Summer Lake - Villa Rica 230kV lines. The Power Flow Controllers will be removed when GTCs strategic project at Cavender Drive goes in service.","source_id":"21069","doc":"Georgia Power 2025 IRP Vol. 3 (public disclosure): 2024 GA ITS Ten-Year Plan (2025-2034)","page":336,"conf":"low","loc_a":{"name":"EAST VILLA RICA","matched":"West Villa Rica Substation","method":"OSM name match (fuzzy 0.93)","confidence":"low","note":""},"loc_b":null,"fix":"","n_overlaps":0,"budget":null,"budget_check":"","best_tier":null,"length_km":null}},{"type":"Feature","geometry":{"type":"Point","coordinates":[-83.6262,32.82035]},"properties":{"id":"GPC_20768","utility":"GPC","name":"SOUTH MACON 115KV BUSES 1 & 2 REPLACEMENT","a":"SOUTH MACON","b":"","kv":[115],"status":"New Project","start":"2025-01-15","isd":"2028-06-01","window_basis":"published start date","cost":null,"desc":"Replace the 115kV buses 1 and 2 at South Macon with (2) 1590 AAC.","source_id":"20768","doc":"Georgia Power 2025 IRP Vol. 3 (public disclosure): 2024 GA ITS Ten-Year Plan (2025-2034)","page":337,"conf":"high","loc_a":{"name":"SOUTH MACON","matched":"South Macon Substation","method":"OSM name match (exact)","confidence":"high","note":""},"loc_b":null,"fix":"","n_overlaps":0,"budget":null,"budget_check":"","best_tier":null,"length_km":null}},{"type":"Feature","geometry":{"type":"LineString","coordinates":[[-84.50907,33.55317],[-84.89696,33.45763]]},"properties":{"id":"GPC_20274","utility":"GPC","name":"UNION CITY - YATES 230KV (BLACK) LINE REBUILD","a":"UNION CITY","b":"YATES","kv":[230],"status":"New Project","start":"2025-06-01","isd":"2028-06-01","window_basis":"published start date","cost":null,"desc":"Rebuild the Union City - Yates 230kV Black line with bundled 200C 1351 ACSS Martin conductor. Replace limiting elements at Union City, Fairburn #1 and Line Creek substations.","source_id":"20274","doc":"Georgia Power 2025 IRP Vol. 3 (public disclosure): 2024 GA ITS Ten-Year Plan (2025-2034)","page":338,"conf":"medium","loc_a":{"name":"UNION CITY","matched":"Union Substation","method":"OSM name match (exact (ignoring qualifiers))","confidence":"medium","note":""},"loc_b":{"name":"YATES","matched":"Plant Yates","method":"OSM name match (exact)","confidence":"high","note":""},"fix":"","n_overlaps":0,"budget":null,"budget_check":"","best_tier":null,"length_km":37.5}},{"type":"Feature","geometry":{"type":"LineString","coordinates":[[-84.47687,33.50734],[-85.03077,33.41096]]},"properties":{"id":"GPC_21062","utility":"GPC","name":"ASHLEY PARK-WANSLEY 500KV","a":"ASHLEY PARK","b":"WANSLEY","kv":[500],"status":"New Project","start":"2024-12-01","isd":"2029-06-01","window_basis":"published start date","cost":null,"desc":"Construct a 500kV line from Ashley Park to Wansley, approximately 35 miles long.","source_id":"21062","doc":"Georgia Power 2025 IRP Vol. 3 (public disclosure): 2024 GA ITS Ten-Year Plan (2025-2034)","page":341,"conf":"low","loc_a":{"name":"ASHLEY PARK","matched":"Ashley Park, Fayette County (approx.)","method":"approximate: Nominatim place/neighbourhood (town/street level, not the substation itself)","confidence":"low","note":""},"loc_b":{"name":"WANSLEY","matched":"Wansley Substation","method":"OSM name match (exact)","confidence":"high","note":""},"fix":"","n_overlaps":0,"budget":null,"budget_check":"","best_tier":null,"length_km":52.49}},{"type":"Feature","geometry":{"type":"LineString","coordinates":[[-84.90598,31.37155],[-84.95178,31.57114]]},"properties":{"id":"GPC_10222","utility":"GPC","name":"BLAKELY PRIMARY - HUCKLEBERRY 115KV REBUILD","a":"BLAKELY PRIMARY","b":"HUCKLEBERRY","kv":[115],"status":"New Project","start":"2025-06-01","isd":"2029-06-01","window_basis":"published start date","cost":null,"desc":"Rebuild the Blakley Primary - Huckleberry 115kV line from 75C 477 ACSR to 200C 1351 ACSS. (13.5 miles) GPC: Replace jumpers at Blakely Primary GTC: Replace jumpers at Blakely and Huckleberry","source_id":"10222","doc":"Georgia Power 2025 IRP Vol. 3 (public disclosure): 2024 GA ITS Ten-Year Plan (2025-2034)","page":342,"conf":"low","loc_a":{"name":"BLAKELY PRIMARY","matched":"Blakely Primary Substation","method":"OSM name match (exact)","confidence":"high","note":""},"loc_b":{"name":"HUCKLEBERRY","matched":"Huckleberry Branch, Clay County (approx.)","method":"approximate: Nominatim waterway/stream (town/street level, not the substation itself)","confidence":"low","note":""},"fix":"","n_overlaps":0,"budget":null,"budget_check":"","best_tier":null,"length_km":22.61}},{"type":"Feature","geometry":{"type":"LineString","coordinates":[[-83.65169,32.78892],[-83.70046,32.68514]]},"properties":{"id":"GPC_21047","utility":"GPC","name":"BROADWAY - ECHECONNEE 115 KV LINE REBUILD","a":"BROADWAY","b":"ECHECONNEE","kv":[115],"status":"New Project","start":"2025-01-01","isd":"2029-06-01","window_basis":"published start date","cost":null,"desc":"Rebuild the Griffin Rd \u2013 Echeconnee line section of Broadway - Echeconnee line with 200C 1351 ACSS conductor.","source_id":"21047","doc":"Georgia Power 2025 IRP Vol. 3 (public disclosure): 2024 GA ITS Ten-Year Plan (2025-2034)","page":343,"conf":"low","loc_a":{"name":"BROADWAY","matched":"Broadway, Waverly Place (approx.)","method":"approximate: Nominatim highway/primary (town/street level, not the substation itself)","confidence":"low","note":""},"loc_b":{"name":"ECHECONNEE","matched":"Echeconnee, Houston County (approx.)","method":"approximate: Nominatim place/hamlet (town/street level, not the substation itself)","confidence":"low","note":""},"fix":"","n_overlaps":0,"budget":null,"budget_check":"","best_tier":null,"length_km":12.41}},{"type":"Feature","geometry":{"type":"LineString","coordinates":[[-84.28973,32.57102],[-84.26648,32.94656]]},"properties":{"id":"GPC_16887","utility":"GPC","name":"BUTLER - THOMASTON 230KV LINE CONVERSION","a":"BUTLER","b":"THOMASTON","kv":[230],"status":"New Project","start":"2025-01-01","isd":"2029-06-01","window_basis":"published start date","cost":null,"desc":"Rebuild the radial Thomaston - Butler 115kV line to 230kV network operation. Make all necessary upgrades and accommodations at Butler and Thomaston. Convert the Wesley substation from 115kV to 230kV.","source_id":"16887","doc":"Georgia Power 2025 IRP Vol. 3 (public disclosure): 2024 GA ITS Ten-Year Plan (2025-2034)","page":344,"conf":"medium","loc_a":{"name":"BUTLER","matched":"Butler Primary Substation","method":"OSM name match (exact (ignoring qualifiers))","confidence":"high","note":""},"loc_b":{"name":"THOMASTON","matched":"Thomaston #3 Substation","method":"OSM name match (exact)","confidence":"medium","note":""},"fix":"","n_overlaps":0,"budget":null,"budget_check":"","best_tier":null,"length_km":41.82}},{"type":"Feature","geometry":{"type":"Point","coordinates":[-84.24214,34.67037]},"properties":{"id":"GPC_21036","utility":"GPC","name":"BUZZARD ROOST - FACTORY SHOALS 230KV NEW LINE","a":"BUZZARD ROOST","b":"FACTORY SHOALS","kv":[230],"status":"New Project","start":"2026-06-01","isd":"2029-06-01","window_basis":"published start date","cost":null,"desc":"A new 2 mile 230kV line is being built from Buzzard Roost to Factory Shoals with 200C 1351 ACSS Martin conductor.","source_id":"21036","doc":"Georgia Power 2025 IRP Vol. 3 (public disclosure): 2024 GA ITS Ten-Year Plan (2025-2034)","page":345,"conf":"low","loc_a":{"name":"BUZZARD ROOST","matched":"Buzzard Roost, Fannin County (approx.)","method":"approximate: Nominatim natural/peak (town/street level, not the substation itself)","confidence":"low","note":""},"loc_b":null,"fix":"","n_overlaps":0,"budget":null,"budget_check":"","best_tier":null,"length_km":null}},{"type":"Feature","geometry":{"type":"LineString","coordinates":[[-84.01769,33.66761],[-84.12449,33.63698]]},"properties":{"id":"GPC_21142","utility":"GPC","name":"CONYERS - KLONDIKE 230 KV SECOND LINE","a":"CONYERS","b":"KLONDIKE","kv":[230],"status":"New Project","start":"2026-06-01","isd":"2029-06-01","window_basis":"published start date","cost":null,"desc":"Build a new 6.56 mile line from Conyers to Klondike with 200C (2) 1351 ACSS Martin conductor. Build one new 230kV breaker terminal at Conyers and one new 230kV terminal at Klondike.","source_id":"21142","doc":"Georgia Power 2025 IRP Vol. 3 (public disclosure): 2024 GA ITS Ten-Year Plan (2025-2034)","page":346,"conf":"low","loc_a":{"name":"CONYERS","matched":"Conyers, Rockdale County (approx.)","method":"approximate: Nominatim boundary/administrative (town/street level, not the substation itself)","confidence":"low","note":""},"loc_b":{"name":"KLONDIKE","matched":"Klondike Substation","method":"OSM name match (exact)","confidence":"high","note":""},"fix":"","n_overlaps":0,"budget":null,"budget_check":"","best_tier":null,"length_km":10.46}},{"type":"Feature","geometry":{"type":"LineString","coordinates":[[-83.40396,33.30177],[-83.8938,33.57511]]},"properties":{"id":"GPC_21138","utility":"GPC","name":"GLENWOOD SPRINGS - PORTERDALE PRIMARY 230KV LINE SWITCH REPL","a":"GLENWOOD SPRINGS","b":"PORTERDALE PRIMARY","kv":[230],"status":"New Project","start":"2029-06-01","isd":"2029-06-01","window_basis":"published start date","cost":null,"desc":"Replace the 600A line switch at Porterdale Primary on the Glenwood Springs - Porterdale Primary 230kV Line with 1200A switch.","source_id":"21138","doc":"Georgia Power 2025 IRP Vol. 3 (public disclosure): 2024 GA ITS Ten-Year Plan (2025-2034)","page":347,"conf":"low","loc_a":{"name":"GLENWOOD SPRINGS","matched":"Glenwood Springs Road, Eatonton (approx.)","method":"approximate: Nominatim highway/tertiary (town/street level, not the substation itself)","confidence":"low","note":""},"loc_b":{"name":"PORTERDALE PRIMARY","matched":"Porterdale, Newton County (approx.)","method":"approximate: Nominatim boundary/administrative (town/street level, not the substation itself)","confidence":"low","note":""},"fix":"","n_overlaps":0,"budget":null,"budget_check":"","best_tier":null,"length_km":54.68}},{"type":"Feature","geometry":{"type":"LineString","coordinates":[[-84.20126,33.03207],[-84.26648,32.94656]]},"properties":{"id":"GPC_21112","utility":"GPC","name":"GTC: BARNESVILLE PRIMARY - THOMASTON 230KV","a":"BARNESVILLE PRIMARY","b":"THOMASTON","kv":[230],"status":"New Project","start":"2027-06-01","isd":"2029-06-01","window_basis":"published start date","cost":null,"desc":"Rebuild Barnesville Primary - Thomaston 230kV line (13.24 miles) with 100C 1351 ACSS; Replace 1200A switches at Barnesville Primary & Thomaston with 3000A switch; replace associated jumper at both stations.","source_id":"21112","doc":"Georgia Power 2025 IRP Vol. 3 (public disclosure): 2024 GA ITS Ten-Year Plan (2025-2034)","page":348,"conf":"medium","loc_a":{"name":"BARNESVILLE PRIMARY","matched":"Barnesville Primary Substation","method":"OSM name match (exact)","confidence":"medium","note":""},"loc_b":{"name":"THOMASTON","matched":"Thomaston #3 Substation","method":"OSM name match (exact)","confidence":"medium","note":""},"fix":"","n_overlaps":0,"budget":null,"budget_check":"","best_tier":null,"length_km":11.29}},{"type":"Feature","geometry":{"type":"Point","coordinates":[-83.88235,33.86812]},"properties":{"id":"GPC_10814","utility":"GPC","name":"GTC: BAY CREEK 230/115KV SECOND AUTO TRANSFORMER","a":"BAY CREEK","b":"","kv":[230,115],"status":"New Project","start":"2028-06-01","isd":"2029-06-01","window_basis":"published start date","cost":null,"desc":"Install a second 230/115kV, 400 MVA auto transformer at the Bay Creek substation.","source_id":"10814","doc":"Georgia Power 2025 IRP Vol. 3 (public disclosure): 2024 GA ITS Ten-Year Plan (2025-2034)","page":349,"conf":"high","loc_a":{"name":"BAY CREEK","matched":"Bay Creek Substation","method":"OSM name match (exact)","confidence":"high","note":""},"loc_b":null,"fix":"","n_overlaps":0,"budget":null,"budget_check":"","best_tier":null,"length_km":null}},{"type":"Feature","geometry":{"type":"LineString","coordinates":[[-83.60002,32.56479],[-83.16142,32.2133]]},"properties":{"id":"GPC_21140","utility":"GPC","name":"GTC: BONAIRE PRIMARY - EASTMAN PRIMARY 115 KV LINE REBUILD","a":"BONAIRE PRIMARY","b":"EASTMAN PRIMARY","kv":[115],"status":"New Project","start":"2026-01-01","isd":"2029-06-01","window_basis":"published start date","cost":null,"desc":"Rebuild 41.08 miles of the Bonaire Primary - Eastman Primary 115kV Line using 200C 1351ACSS Martin and upgrade the bus at Roddy substation.","source_id":"21140","doc":"Georgia Power 2025 IRP Vol. 3 (public disclosure): 2024 GA ITS Ten-Year Plan (2025-2034)","page":350,"conf":"high","loc_a":{"name":"BONAIRE PRIMARY","matched":"Bonaire Primary Substation","method":"OSM name match (exact)","confidence":"high","note":""},"loc_b":{"name":"EASTMAN PRIMARY","matched":"Eastman Primary Substation","method":"OSM name match (exact)","confidence":"high","note":""},"fix":"","n_overlaps":0,"budget":null,"budget_check":"","best_tier":null,"length_km":56.78}},{"type":"Feature","geometry":{"type":"LineString","coordinates":[[-84.59465,33.64483],[-84.54664,33.33839]]},"properties":{"id":"GPC_20849","utility":"GPC","name":"GTC: CLIFTONDALE - LINE CREEK 230KV LINE","a":"CLIFTONDALE","b":"LINE CREEK","kv":[230],"status":"New Project","start":"2026-06-01","isd":"2029-06-01","window_basis":"published start date","cost":null,"desc":"An 11.6 mile 230kV line is being built form Cliftondale to Line Creek with 200C 1351 ACSS Martin.","source_id":"20849","doc":"Georgia Power 2025 IRP Vol. 3 (public disclosure): 2024 GA ITS Ten-Year Plan (2025-2034)","page":351,"conf":"low","loc_a":{"name":"CLIFTONDALE","matched":"Cliftondale, South Fulton (approx.)","method":"approximate: Nominatim place/suburb (town/street level, not the substation itself)","confidence":"low","note":""},"loc_b":{"name":"LINE CREEK","matched":"Line Creek, Senoia (approx.)","method":"approximate: Nominatim waterway/stream (town/street level, not the substation itself)","confidence":"low","note":""},"fix":"","n_overlaps":0,"budget":null,"budget_check":"","best_tier":null,"length_km":34.36}},{"type":"Feature","geometry":{"type":"LineString","coordinates":[[-84.90595,33.35112],[-84.69217,32.5883]]},"properties":{"id":"GPC_19950","utility":"GPC","name":"GTC: DRESDEN - TALBOT 500KV LINE","a":"DRESDEN","b":"TALBOT","kv":[500],"status":"New Project","start":"2025-06-01","isd":"2029-06-01","window_basis":"published start date","cost":null,"desc":"GTC will build a new 500kV line from Talbot to Dresden (75 miles). This project will create a new Talbot 500/230kV substation with a 500/230kV auto transformers. The low side of the auto transformers will connect to the Talbot County #1 and #2 230kV buses.","source_id":"19950","doc":"Georgia Power 2025 IRP Vol. 3 (public disclosure): 2024 GA ITS Ten-Year Plan (2025-2034)","page":352,"conf":"medium","loc_a":{"name":"DRESDEN","matched":"Dresden Substation","method":"OSM name match (exact)","confidence":"high","note":""},"loc_b":{"name":"TALBOT","matched":"Talbot Energy Power Plant","method":"OSM name match (all name words present)","confidence":"medium","note":""},"fix":"","n_overlaps":0,"budget":null,"budget_check":"","best_tier":null,"length_km":87.13}},{"type":"Feature","geometry":{"type":"Point","coordinates":[-84.28341,34.17419]},"properties":{"id":"GPC_20760","utility":"GPC","name":"GTC: HOPEWELL 230/115 KV BANK A","a":"HOPEWELL","b":"","kv":[230,115],"status":"New Project","start":"2028-06-01","isd":"2029-06-01","window_basis":"published start date","cost":null,"desc":"Replace the Hopewell 230/115kV auto transformer with a 400 MVA auto transformer.","source_id":"20760","doc":"Georgia Power 2025 IRP Vol. 3 (public disclosure): 2024 GA ITS Ten-Year Plan (2025-2034)","page":353,"conf":"high","loc_a":{"name":"HOPEWELL","matched":"Hopewell Substation","method":"OSM name match (exact)","confidence":"high","note":""},"loc_b":null,"fix":"","n_overlaps":0,"budget":null,"budget_check":"","best_tier":null,"length_km":null}},{"type":"Feature","geometry":{"type":"LineString","coordinates":[[-84.99809,33.35163],[-85.03077,33.41096]]},"properties":{"id":"GPC_21123","utility":"GPC","name":"GTC: TENASKA - WANSLEY 500KV NEW LINE","a":"TENASKA","b":"WANSLEY","kv":[500],"status":"New Project","start":"2024-12-01","isd":"2029-06-01","window_basis":"published start date","cost":null,"desc":"Construct a 5 mile long 500kV line between Tenaska and Wansley. Make all necessary accommodations at the substations for the line termination.","source_id":"21123","doc":"Georgia Power 2025 IRP Vol. 3 (public disclosure): 2024 GA ITS Ten-Year Plan (2025-2034)","page":354,"conf":"medium","loc_a":{"name":"TENASKA","matched":"Tenaska Georgia Substation","method":"OSM name match (all name words present)","confidence":"medium","note":""},"loc_b":{"name":"WANSLEY","matched":"Wansley Substation","method":"OSM name match (exact)","confidence":"high","note":""},"fix":"","n_overlaps":0,"budget":null,"budget_check":"","best_tier":null,"length_km":7.26}},{"type":"Feature","geometry":{"type":"LineString","coordinates":[[-83.84101,33.32061],[-83.8938,33.57511]]},"properties":{"id":"GPC_21141","utility":"GPC","name":"LLOYD SHOALS - PORTERDALE PRIMARY 115KV REBUILD","a":"LLOYD SHOALS","b":"PORTERDALE PRIMARY","kv":[115],"status":"New Project","start":"2026-03-01","isd":"2029-06-01","window_basis":"published start date","cost":null,"desc":"Rebuild 15.8 miles of 50C 397.5 ACSR Ibis with 200C 1351 ACSS Martin from Jackson Lake to Lloyd Shoals and Jackson Lake to South. Covington Junction.","source_id":"21141","doc":"Georgia Power 2025 IRP Vol. 3 (public disclosure): 2024 GA ITS Ten-Year Plan (2025-2034)","page":355,"conf":"low","loc_a":{"name":"LLOYD SHOALS","matched":"Lloyd Shoals Dam","method":"OSM name match (exact (ignoring qualifiers))","confidence":"high","note":""},"loc_b":{"name":"PORTERDALE PRIMARY","matched":"Porterdale, Newton County (approx.)","method":"approximate: Nominatim boundary/administrative (town/street level, not the substation itself)","confidence":"low","note":""},"fix":"","n_overlaps":0,"budget":null,"budget_check":"","best_tier":null,"length_km":28.72}},{"type":"Feature","geometry":{"type":"LineString","coordinates":[[-84.65363,33.70699],[-84.25937,34.09732]]},"properties":{"id":"GPC_20285","utility":"GPC","name":"LOWER RIVER - WEBB (APC) 115KV RECONDUCTOR","a":"LOWER RIVER","b":"WEBB","kv":[115],"status":"New Project","start":"2025-06-01","isd":"2029-06-01","window_basis":"published start date","cost":null,"desc":"Reconductor 0.97 miles of 100C 636 Grosbeak Lower River - Webb 115kV line with 200C 795 ACSS Drake conductor.","source_id":"20285","doc":"Georgia Power 2025 IRP Vol. 3 (public disclosure): 2024 GA ITS Ten-Year Plan (2025-2034)","page":356,"conf":"low","loc_a":{"name":"LOWER RIVER","matched":"Old Lower River Road, Tributary (approx.)","method":"approximate: Nominatim highway/residential (town/street level, not the substation itself)","confidence":"low","note":""},"loc_b":{"name":"WEBB","matched":"Webb, Milton (approx.)","method":"approximate: Nominatim place/locality (town/street level, not the substation itself)","confidence":"low","note":""},"fix":"","n_overlaps":0,"budget":null,"budget_check":"","best_tier":null,"length_km":56.64}},{"type":"Feature","geometry":{"type":"LineString","coordinates":[[-83.8738,34.27288],[-83.64027,33.87113]]},"properties":{"id":"GPC_19621","utility":"GPC","name":"MCEVER ROAD - SHOAL CREEK 115KV REBUILD","a":"MCEVER ROAD","b":"SHOAL CREEK","kv":[115],"status":"New Project","start":"2024-12-31","isd":"2029-06-01","window_basis":"published start date","cost":null,"desc":"Rebuild the 636 ACSR (1 mile) of the McEver Road - College Square section, and 2 - 4/0 copper part (2.05 miles) of the College Square to Lakeside WTP B line section, part of the McEver Road - Shoal Creek 115kV line, using 200C 1351 ACSS conductor.","source_id":"19621","doc":"Georgia Power 2025 IRP Vol. 3 (public disclosure): 2024 GA ITS Ten-Year Plan (2025-2034)","page":357,"conf":"low","loc_a":{"name":"MCEVER ROAD","matched":"McEver Road Substation","method":"OSM name match (exact)","confidence":"high","note":""},"loc_b":{"name":"SHOAL CREEK","matched":"Shoal Creek, Bradley (approx.)","method":"approximate: Nominatim waterway/river (town/street level, not the substation itself)","confidence":"low","note":""},"fix":"","n_overlaps":0,"budget":null,"budget_check":"","best_tier":null,"length_km":49.58}},{"type":"Feature","geometry":{"type":"LineString","coordinates":[[-81.54414,31.21587],[-81.55866,31.27991]]},"properties":{"id":"GPC_20346","utility":"GPC","name":"MCMANUS - WEST BRUNSWICK 115KV REBUILD","a":"MCMANUS","b":"WEST BRUNSWICK","kv":[115],"status":"New Project","start":"2026-01-01","isd":"2029-06-01","window_basis":"published start date","cost":null,"desc":"Rebuild the McManus - West Brunswick 115kV line, approximately 5.7 miles, with 200C 1351 ACSS Martin conductor.","source_id":"20346","doc":"Georgia Power 2025 IRP Vol. 3 (public disclosure): 2024 GA ITS Ten-Year Plan (2025-2034)","page":358,"conf":"high","loc_a":{"name":"MCMANUS","matched":"Plant McManus","method":"OSM name match (exact)","confidence":"high","note":""},"loc_b":{"name":"WEST BRUNSWICK","matched":"West Brunswick Substation","method":"OSM name match (exact)","confidence":"high","note":""},"fix":"","n_overlaps":0,"budget":null,"budget_check":"","best_tier":null,"length_km":7.25}},{"type":"Feature","geometry":{"type":"LineString","coordinates":[[-83.73995,32.56338],[-83.87226,32.56136]]},"properties":{"id":"GPC_17706","utility":"GPC","name":"MEAG: AULTMAN ROAD - FORT VALLEY #1 115 KV REBUILD","a":"AULTMAN ROAD","b":"FORT VALLEY","kv":[115],"status":"New Project","start":"2026-06-01","isd":"2029-06-01","window_basis":"published start date","cost":null,"desc":"Rebuild approximately 8 miles of the Aultman Road - Fort Valley #1 115kV line with 200C 1351 ACSS conductor.","source_id":"17706","doc":"Georgia Power 2025 IRP Vol. 3 (public disclosure): 2024 GA ITS Ten-Year Plan (2025-2034)","page":359,"conf":"low","loc_a":{"name":"AULTMAN ROAD","matched":"Altman Road Substation","method":"OSM name match (fuzzy 0.96)","confidence":"low","note":""},"loc_b":{"name":"FORT VALLEY","matched":"Fort Valley Substation","method":"OSM name match (exact)","confidence":"high","note":""},"fix":"","n_overlaps":0,"budget":null,"budget_check":"","best_tier":null,"length_km":12.4}},{"type":"Feature","geometry":{"type":"Point","coordinates":[-84.2113,31.58934]},"properties":{"id":"GPC_11051","utility":"GPC","name":"MEAG: SLAPPEY DRIVE - WESTOVER 115KV LINE REBUILD","a":"SLAPPEY DRIVE","b":"WESTOVER","kv":[115],"status":"New Project","start":"2026-06-01","isd":"2029-06-01","window_basis":"published start date","cost":null,"desc":"Rebuild 2.92 miles of 100C sagged 477 ACSR Hawk conductor from Slappey Drive to Albany #9 with 1351 ACSR.","source_id":"11051","doc":"Georgia Power 2025 IRP Vol. 3 (public disclosure): 2024 GA ITS Ten-Year Plan (2025-2034)","page":360,"conf":"low","loc_a":null,"loc_b":{"name":"WESTOVER","matched":"Westover, Albany (approx.)","method":"approximate: Nominatim place/hamlet (town/street level, not the substation itself)","confidence":"low","note":""},"fix":"","n_overlaps":0,"budget":null,"budget_check":"","best_tier":null,"length_km":null}},{"type":"Feature","geometry":{"type":"LineString","coordinates":[[-84.21343,33.93256],[-84.31938,33.82059]]},"properties":{"id":"GPC_20757","utility":"GPC","name":"NORCROSS - NORTH DRUID HILLS 115KV REBUILD","a":"NORCROSS","b":"NORTH DRUID HILLS","kv":[115],"status":"New Project","start":"2025-01-01","isd":"2029-06-01","window_basis":"published start date","cost":null,"desc":"Rebuild the Norcross - Norcross Junction (674) segment, approximately 3.9 miles, from 100C 477 ACSR Hawk conductor to 200C 1351 ACSS \"Martin\" conductor.","source_id":"20757","doc":"Georgia Power 2025 IRP Vol. 3 (public disclosure): 2024 GA ITS Ten-Year Plan (2025-2034)","page":361,"conf":"low","loc_a":{"name":"NORCROSS","matched":"Norcross Substation","method":"OSM name match (exact)","confidence":"high","note":""},"loc_b":{"name":"NORTH DRUID HILLS","matched":"North Druid Hills, Brookhaven (approx.)","method":"approximate: Nominatim boundary/census (town/street level, not the substation itself)","confidence":"low","note":""},"fix":"","n_overlaps":0,"budget":null,"budget_check":"","best_tier":null,"length_km":15.83}},{"type":"Feature","geometry":{"type":"LineString","coordinates":[[-81.14446,32.04123],[-81.08618,32.02269]]},"properties":{"id":"GPC_21006","utility":"GPC","name":"SAV: BOULEVARD - MAGNOLIA 115 KV LINE REBUILD","a":"BOULEVARD","b":"MAGNOLIA","kv":[115],"status":"New Project","start":"2027-01-01","isd":"2029-06-01","window_basis":"published start date","cost":null,"desc":"Rebuild the entire line from Boulevard to Magnolia (4.56 miles) from 100C 795 ACSR Drake to 200C 1351 ACSS Martin","source_id":"21006","doc":"Georgia Power 2025 IRP Vol. 3 (public disclosure): 2024 GA ITS Ten-Year Plan (2025-2034)","page":362,"conf":"high","loc_a":{"name":"BOULEVARD","matched":"Boulevard Substation","method":"OSM name match (exact)","confidence":"high","note":""},"loc_b":{"name":"MAGNOLIA","matched":"Magnolia Substation","method":"OSM name match (exact)","confidence":"high","note":""},"fix":"","n_overlaps":4,"budget":null,"budget_check":"","best_tier":4,"length_km":5.87}},{"type":"Feature","geometry":{"type":"LineString","coordinates":[[-81.18872,32.08351],[-81.25315,32.00679]]},"properties":{"id":"GPC_21023","utility":"GPC","name":"SAV: DEAN FOREST - LITTLE OGEECHEE 230 KV REBUILD","a":"DEAN FOREST","b":"LITTLE OGEECHEE","kv":[230],"status":"New Project","start":"2026-01-01","isd":"2029-06-01","window_basis":"published start date","cost":null,"desc":"Rebuild the entire line from Little Ogeechee - Salt Creek and Salt Creek - Dean Forest, approximately 8 miles, using 200C 1351 ACSS/Martin. Upgrade jumpers at the Little Ogeechee terminal.","source_id":"21023","doc":"Georgia Power 2025 IRP Vol. 3 (public disclosure): 2024 GA ITS Ten-Year Plan (2025-2034)","page":363,"conf":"high","loc_a":{"name":"DEAN FOREST","matched":"Dean Forest Substation","method":"OSM name match (exact)","confidence":"high","note":""},"loc_b":{"name":"LITTLE OGEECHEE","matched":"Little Ogeechee Substation","method":"OSM name match (exact)","confidence":"high","note":""},"fix":"","n_overlaps":4,"budget":null,"budget_check":"","best_tier":4,"length_km":10.47}},{"type":"Feature","geometry":{"type":"LineString","coordinates":[[-84.48892,30.83961],[-84.90079,30.66382]]},"properties":{"id":"GPC_13628","utility":"GPC","name":"SOUTH BAINBRIDGE - SINAI (FPL) 115KV LINE RECONDUCTOR","a":"SOUTH BAINBRIDGE","b":"SINAI","kv":[115],"status":"New Project","start":"2025-06-01","isd":"2029-06-01","window_basis":"published start date","cost":null,"desc":"Rebuild the Four Mile tap - Recovery - Sinai (FPL) segment of the Sinai (FPL) - South Bainbridge 115kV line from 100C 336.4 ACSR to 200C 1351 ACSS. 9.8 miles in FPL and 13.75 miles in GPC At Recovery (GTC): Replace 100C 336.4 ACSR string bus with higher rating and jumpers with (1) 1590 AAC At Sinai (FPL): Replace 100C 336.4 ACSR string bus with higher rating","source_id":"13628","doc":"Georgia Power 2025 IRP Vol. 3 (public disclosure): 2024 GA ITS Ten-Year Plan (2025-2034)","page":365,"conf":"high","loc_a":{"name":"SOUTH BAINBRIDGE","matched":"South Bainbridge Substation","method":"OSM name match (exact)","confidence":"high","note":""},"loc_b":{"name":"SINAI","matched":"Sinai Substation","method":"OSM name match (exact)","confidence":"high","note":""},"fix":"","n_overlaps":0,"budget":null,"budget_check":"","best_tier":null,"length_km":43.94}},{"type":"Feature","geometry":{"type":"LineString","coordinates":[[-83.88235,33.86812],[-84.01769,33.66761]]},"properties":{"id":"GPC_20248","utility":"GPC","name":"BAY CREEK - CONYERS 230KV REBUILD","a":"BAY CREEK","b":"CONYERS","kv":[230],"status":"New Project","start":"2031-06-01","isd":"2029-12-31","window_basis":"published start date","cost":null,"desc":"GPC will rebuild the Bay Creek - Conyers 230kV line, approximately 15.29 miles, using 200C 1351 ACSS \"Martin\" conductor.","source_id":"20248","doc":"Georgia Power 2025 IRP Vol. 3 (public disclosure): 2024 GA ITS Ten-Year Plan (2025-2034)","page":366,"conf":"low","loc_a":{"name":"BAY CREEK","matched":"Bay Creek Substation","method":"OSM name match (exact)","confidence":"high","note":""},"loc_b":{"name":"CONYERS","matched":"Conyers, Rockdale County (approx.)","method":"approximate: Nominatim boundary/administrative (town/street level, not the substation itself)","confidence":"low","note":""},"fix":"","n_overlaps":0,"budget":null,"budget_check":"","best_tier":null,"length_km":25.57}},{"type":"Feature","geometry":{"type":"Point","coordinates":[-85.34558,34.25121]},"properties":{"id":"GPC_21129","utility":"GPC","name":"ANNISTON - HAMMOND 230KV LINE","a":"ANNISTON","b":"HAMMOND","kv":[230],"status":"New Project","start":"2025-06-01","isd":"2030-06-01","window_basis":"published start date","cost":null,"desc":"Rebuild the 28.12 miles section between Hammond and the Goshen tap with 200C 1351 ACSS Martin conductor.","source_id":"21129","doc":"Georgia Power 2025 IRP Vol. 3 (public disclosure): 2024 GA ITS Ten-Year Plan (2025-2034)","page":367,"conf":"low","loc_a":null,"loc_b":{"name":"HAMMOND","matched":"Hammod Substation","method":"OSM name match (fuzzy 0.92)","confidence":"low","note":""},"fix":"","n_overlaps":0,"budget":null,"budget_check":"","best_tier":null,"length_km":null}},{"type":"Feature","geometry":{"type":"LineString","coordinates":[[-84.47142,33.82548],[-84.4076,33.78836]]},"properties":{"id":"GPC_20764","utility":"GPC","name":"ATKINSON - NORTHSIDE DRIVE 115KV REBUILD","a":"ATKINSON","b":"NORTHSIDE DRIVE","kv":[115],"status":"New Project","start":"2027-06-01","isd":"2030-06-01","window_basis":"published start date","cost":null,"desc":"Rebuild a portion of the Atkinson - Northside 115kV line, approximately 3.2 miles from Atkinson to Chattahoochee with 200C 1351 ACSS Martin.","source_id":"20764","doc":"Georgia Power 2025 IRP Vol. 3 (public disclosure): 2024 GA ITS Ten-Year Plan (2025-2034)","page":368,"conf":"low","loc_a":{"name":"ATKINSON","matched":"Plant McDonough-Atkinson","method":"OSM name match (all name words present)","confidence":"medium","note":""},"loc_b":{"name":"NORTHSIDE DRIVE","matched":"Northside Drive Northwest, Atlantic Station (approx.)","method":"approximate: Nominatim highway/trunk (town/street level, not the substation itself)","confidence":"low","note":""},"fix":"","n_overlaps":0,"budget":null,"budget_check":"","best_tier":null,"length_km":7.2}},{"type":"Feature","geometry":{"type":"Point","coordinates":[-84.47142,33.82548]},"properties":{"id":"GPC_20761","utility":"GPC","name":"ATKINSON - NORTHWEST 115KV REBUILD","a":"ATKINSON","b":"NORTHWEST","kv":[115],"status":"New Project","start":"2027-06-01","isd":"2030-06-01","window_basis":"published start date","cost":null,"desc":"Rebuild the 1.2 mile Atkinson - Tilford Yards section of the Atkinson - Northwest 115kV with 200C 1351 ACSS Martin.","source_id":"20761","doc":"Georgia Power 2025 IRP Vol. 3 (public disclosure): 2024 GA ITS Ten-Year Plan (2025-2034)","page":369,"conf":"medium","loc_a":{"name":"ATKINSON","matched":"Plant McDonough-Atkinson","method":"OSM name match (all name words present)","confidence":"medium","note":""},"loc_b":null,"fix":"","n_overlaps":0,"budget":null,"budget_check":"","best_tier":null,"length_km":null}},{"type":"Feature","geometry":{"type":"Point","coordinates":[-83.52712,34.51149]},"properties":{"id":"GPC_10478","utility":"GPC","name":"CORNELIA - TALLULAH LODGE 115KV REBUILD","a":"CORNELIA","b":"TALLULAH LODGE","kv":[115],"status":"New Project","start":"2027-06-01","isd":"2030-06-01","window_basis":"published start date","cost":null,"desc":"Rebuild approximately 9.7 miles of the Cornelia - Chase Road - Clarksville - Hollywood segments of the Cornelia - Tallulah Lodge 115kV line with 200C 795 ACSS conductor.","source_id":"10478","doc":"Georgia Power 2025 IRP Vol. 3 (public disclosure): 2024 GA ITS Ten-Year Plan (2025-2034)","page":371,"conf":"low","loc_a":{"name":"CORNELIA","matched":"Cornelia, Habersham County (approx.)","method":"approximate: Nominatim boundary/administrative (town/street level, not the substation itself)","confidence":"low","note":""},"loc_b":null,"fix":"","n_overlaps":0,"budget":null,"budget_check":"","best_tier":null,"length_km":null}},{"type":"Feature","geometry":{"type":"LineString","coordinates":[[-84.13358,34.37812],[-84.37877,34.3866]]},"properties":{"id":"GPC_18669","utility":"GPC","name":"DU: DAWSON CROSSING - NELSON (WHITE) 115 KV REBUILD","a":"DAWSON CROSSING","b":"NELSON","kv":[115],"status":"Project delayed from 2028 to 2030","start":"2024-12-31","isd":"2030-06-01","window_basis":"published start date","cost":null,"desc":"Rebuild approximately 15.7 miles of the Dawson Crossing - Etowah - Reavis Mountain - Nelson sections of the Dawson Crossing - Nelson (White) 115kV line with 1351 ACSS conductor. GPC will make any necessary relaying changes at Dawson Crossing.","source_id":"18669","doc":"Georgia Power 2025 IRP Vol. 3 (public disclosure): 2024 GA ITS Ten-Year Plan (2025-2034)","page":372,"conf":"high","loc_a":{"name":"DAWSON CROSSING","matched":"Dawson Crossing Substation","method":"OSM name match (exact)","confidence":"high","note":""},"loc_b":{"name":"NELSON","matched":"Nelson Substation","method":"OSM name match (exact)","confidence":"high","note":""},"fix":"","n_overlaps":0,"budget":null,"budget_check":"","best_tier":null,"length_km":22.52}},{"type":"Feature","geometry":{"type":"Point","coordinates":[-84.46297,33.67635]},"properties":{"id":"GPC_21097","utility":"GPC","name":"EAST POINT - TRIBUTARY 230KV REBUILD","a":"EAST POINT","b":"TRIBUTARY","kv":[230],"status":"New Project","start":"2027-06-01","isd":"2030-06-01","window_basis":"published start date","cost":null,"desc":"Rebuild the 2.9 mile section from Cavender Drive to Marietta 25 with 200C 1351 ACSS conductor on the East Point - Tributary 230kV line.","source_id":"21097","doc":"Georgia Power 2025 IRP Vol. 3 (public disclosure): 2024 GA ITS Ten-Year Plan (2025-2034)","page":373,"conf":"medium","loc_a":{"name":"EAST POINT","matched":"East Point Primary Substation","method":"OSM name match (exact (ignoring qualifiers))","confidence":"high","note":""},"loc_b":null,"fix":"","n_overlaps":0,"budget":null,"budget_check":"","best_tier":null,"length_km":null}},{"type":"Feature","geometry":{"type":"Point","coordinates":[-84.46297,33.67635]},"properties":{"id":"GPC_20480","utility":"GPC","name":"EAST POINT - UNION CITY 230KV BLACK LINE RECONDUCTOR","a":"EAST POINT","b":"UNION CITY BLACK","kv":[230],"status":"New Project","start":"2028-06-01","isd":"2030-06-01","window_basis":"published start date","cost":null,"desc":"Reconductor the 1.5 mile section from Flat Shoals Road station to the Stonewall Tell loop - in point on the East Point - Union City 230kV Black line with 200C 1351 ACSS Martin conductor. Replace limiting elements at Union City","source_id":"20480","doc":"Georgia Power 2025 IRP Vol. 3 (public disclosure): 2024 GA ITS Ten-Year Plan (2025-2034)","page":374,"conf":"medium","loc_a":{"name":"EAST POINT","matched":"East Point Primary Substation","method":"OSM name match (exact (ignoring qualifiers))","confidence":"high","note":""},"loc_b":null,"fix":"","n_overlaps":0,"budget":null,"budget_check":"","best_tier":null,"length_km":null}},{"type":"Feature","geometry":{"type":"Point","coordinates":[-83.70046,32.68514]},"properties":{"id":"GPC_19627","utility":"GPC","name":"ECHECONNEE-WELLSTON 115KV LINE REBUILD","a":"ECHECONNEE","b":"WELLSTON","kv":[115],"status":"New Project","start":"2023-06-01","isd":"2030-06-01","window_basis":"published start date","cost":null,"desc":"Rebuild approximately 11.8 miles of the Echeconnee - Wellston 115kV line with 200C 1351 ACSS conductor and the limiting elements along the line with higher ratings. Replace the Bus at North Warner Robins with 1590 AAC.","source_id":"19627","doc":"Georgia Power 2025 IRP Vol. 3 (public disclosure): 2024 GA ITS Ten-Year Plan (2025-2034)","page":375,"conf":"low","loc_a":{"name":"ECHECONNEE","matched":"Echeconnee, Houston County (approx.)","method":"approximate: Nominatim place/hamlet (town/street level, not the substation itself)","confidence":"low","note":""},"loc_b":null,"fix":"","n_overlaps":0,"budget":null,"budget_check":"","best_tier":null,"length_km":null}},{"type":"Feature","geometry":{"type":"LineString","coordinates":[[-83.80967,34.26302],[-83.8738,34.27288]]},"properties":{"id":"GPC_12120","utility":"GPC","name":"GAINESVILLE #2 - MCEVER ROAD 115 KV REBUILD","a":"GAINESVILLE","b":"MCEVER ROAD","kv":[115],"status":"New Project","start":"2025-12-31","isd":"2030-06-01","window_basis":"published start date","cost":null,"desc":"Rebuild approximately 5.3 miles of the Gainesville #2 - McEver Rd 115kV line with 200C 1351 ACSS conductor.","source_id":"12120","doc":"Georgia Power 2025 IRP Vol. 3 (public disclosure): 2024 GA ITS Ten-Year Plan (2025-2034)","page":377,"conf":"medium","loc_a":{"name":"GAINESVILLE","matched":"Gainesville Substation #2","method":"OSM name match (exact)","confidence":"medium","note":""},"loc_b":{"name":"MCEVER ROAD","matched":"McEver Road Substation","method":"OSM name match (exact)","confidence":"high","note":""},"fix":"","n_overlaps":0,"budget":null,"budget_check":"","best_tier":null,"length_km":5.99}},{"type":"Feature","geometry":{"type":"LineString","coordinates":[[-83.40396,33.30177],[-82.96548,32.85294]]},"properties":{"id":"GPC_20298","utility":"GPC","name":"GLENWOOD SPRINGS - LAKE OCONEE 115KV LINE REBUILD","a":"GLENWOOD SPRINGS","b":"LAKE OCONEE","kv":[115],"status":"New Project","start":"2027-06-01","isd":"2030-06-01","window_basis":"published start date","cost":null,"desc":"Rebuild the North Eatonton Junction - Putnam Sawmill Junction line with 200C 1351 ACSS conductor.","source_id":"20298","doc":"Georgia Power 2025 IRP Vol. 3 (public disclosure): 2024 GA ITS Ten-Year Plan (2025-2034)","page":378,"conf":"low","loc_a":{"name":"GLENWOOD SPRINGS","matched":"Glenwood Springs Road, Eatonton (approx.)","method":"approximate: Nominatim highway/tertiary (town/street level, not the substation itself)","confidence":"low","note":""},"loc_b":{"name":"LAKE OCONEE","matched":"Oconee Substation","method":"OSM name match (exact (ignoring qualifiers))","confidence":"medium","note":""},"fix":"","n_overlaps":0,"budget":null,"budget_check":"","best_tier":null,"length_km":64.5}},{"type":"Feature","geometry":{"type":"Point","coordinates":[-85.08056,32.60956]},"properties":{"id":"GPC_21128","utility":"GPC","name":"GOAT ROCK REACTORS INSTALLATION","a":"GOAT ROCK","b":"","kv":[],"status":"New Project","start":"2028-06-01","isd":"2030-06-01","window_basis":"published start date","cost":null,"desc":"Install 1% series reactors on the Fortson - Goat Rock (Black) 230kV and Fortson - Goat Rock (White) 230kV.","source_id":"21128","doc":"Georgia Power 2025 IRP Vol. 3 (public disclosure): 2024 GA ITS Ten-Year Plan (2025-2034)","page":379,"conf":"high","loc_a":{"name":"GOAT ROCK","matched":"Goat Rock Dam","method":"OSM name match (exact (ignoring qualifiers))","confidence":"high","note":""},"loc_b":null,"fix":"","n_overlaps":0,"budget":null,"budget_check":"","best_tier":null,"length_km":null}},{"type":"Feature","geometry":{"type":"Point","coordinates":[-82.6873,33.3805]},"properties":{"id":"GPC_19996","utility":"GPC","name":"GOLDENS CREEK - WARRENTON PRIMARY 230KV REBUILD","a":"GOLDENS CREEK","b":"WARRENTON PRIMARY","kv":[230],"status":"New Project","start":"2028-06-01","isd":"2030-06-01","window_basis":"published start date","cost":null,"desc":"Rebuild approximately 0.34 miles of the Goldens Creek - Warrenton Primary 230kV line from 100C 1 - 1351.5 ACSR Martin conductor to 200C 1351 ACCR Martin conductor or equivalent.","source_id":"19996","doc":"Georgia Power 2025 IRP Vol. 3 (public disclosure): 2024 GA ITS Ten-Year Plan (2025-2034)","page":380,"conf":"medium","loc_a":null,"loc_b":{"name":"WARRENTON PRIMARY","matched":"Warrenton Primary Substation","method":"OSM name match (exact)","confidence":"medium","note":""},"fix":"","n_overlaps":0,"budget":null,"budget_check":"","best_tier":null,"length_km":null}},{"type":"Feature","geometry":{"type":"LineString","coordinates":[[-83.31691,32.88247],[-82.80194,32.99848]]},"properties":{"id":"GPC_20428","utility":"GPC","name":"GORDON-SANDERSVILLE #1 115KV LINE REBUILD (DEEPSTEP-SAND #6)","a":"GORDON","b":"SANDERSVILLE","kv":[115],"status":"New Project","start":"2023-12-01","isd":"2030-06-01","window_basis":"published start date","cost":null,"desc":"Rebuild the Deepstep - Robins Spring (7.6 miles) Robins Spring - Kaolin J (2.23mi), and Kaolin J - Sandersville #6 (0.66 miles) line sections of the Gordon - Sandersville #1 115kV line. Rebuild a total of 10.49 miles from 100C 336 ACSR to 100C ACSR 795 conductor.","source_id":"20428","doc":"Georgia Power 2025 IRP Vol. 3 (public disclosure): 2024 GA ITS Ten-Year Plan (2025-2034)","page":381,"conf":"medium","loc_a":{"name":"GORDON","matched":"Gordon Substation","method":"OSM name match (exact)","confidence":"high","note":""},"loc_b":{"name":"SANDERSVILLE","matched":"Sandersville Substation #1","method":"OSM name match (exact)","confidence":"medium","note":""},"fix":"","n_overlaps":0,"budget":null,"budget_check":"","best_tier":null,"length_km":49.76}},{"type":"Feature","geometry":{"type":"Point","coordinates":[-81.9953,33.3198]},"properties":{"id":"GPC_21116","utility":"GPC","name":"GOSHEN AREA STRATEGIC SOLUTION","a":"GOSHEN","b":"","kv":[],"status":"New Project","start":"2025-06-01","isd":"2030-06-01","window_basis":"published start date","cost":null,"desc":"Construct a 230kV switching station on the Waynesboro - Wilson 230kV line and a new 230kV line between the switching station and Goshen, approximately 12.3 miles. Provides an alternate power flow path into Goshen outside of the existing constrained Goshen - Vogtle corridor.","source_id":"21116","doc":"Georgia Power 2025 IRP Vol. 3 (public disclosure): 2024 GA ITS Ten-Year Plan (2025-2034)","page":382,"conf":"medium","loc_a":{"name":"GOSHEN","matched":"Goshen Substation (Augusta area)","method":"manual: OSM + project description","confidence":"medium","note":"Two OSM 'Goshen Substation's exist; non-SAV Goshen projects reference the Goshen - Vogtle corridor, i.e. the Augusta-area one."},"loc_b":null,"fix":"New switching station on Waynesboro - Wilson 230 kV plus a 12.3 mi line to Goshen (Augusta area, Goshen - Vogtle corridor); placed at Goshen (approximate).","n_overlaps":4,"budget":null,"budget_check":"","best_tier":4,"length_km":null}},{"type":"Feature","geometry":{"type":"Point","coordinates":[-84.09,33.2714]},"properties":{"id":"GPC_21073","utility":"GPC","name":"GTC: BIG SMARR - TOMOCHICHI 500KV","a":"BIG SMARR","b":"TOMOCHICHI","kv":[500],"status":"New Project","start":"2024-12-01","isd":"2030-06-01","window_basis":"published start date","cost":null,"desc":"Construct a 500kV line from Big Smarr to Tomochichi, approximately 36 miles long. Make the necessary modifications at Big Smarr and Tomochichi to add breakers and terminate the line.","source_id":"21073","doc":"Georgia Power 2025 IRP Vol. 3 (public disclosure): 2024 GA ITS Ten-Year Plan (2025-2034)","page":383,"conf":"low","loc_a":null,"loc_b":{"name":"TOMOCHICHI","matched":"approximate: midpoint of the O'Hara - Scherer 500 kV line","method":"manual: project description + OSM","confidence":"low","note":"New switching station 'splitting the Ohara - Schere 500kV line' with new lines to the new Towaliga River substation (central Georgia). Placed at the midpoint of O'Hara (33.4819,-84.3674) and Scherer (33.0609,-83.8127) substations."},"fix":"","n_overlaps":0,"budget":null,"budget_check":"","best_tier":null,"length_km":null}},{"type":"Feature","geometry":{"type":"Point","coordinates":[-84.24214,34.67037]},"properties":{"id":"GPC_21014","utility":"GPC","name":"GTC: BUZZARD ROOST - CAVENDER DRIVE 230KV NEW LINE","a":"BUZZARD ROOST","b":"CAVENDER DRIVE","kv":[230],"status":"New Project","start":"2026-06-01","isd":"2030-06-01","window_basis":"published start date","cost":null,"desc":"GTC is building a new 7 mile 230kV line from Cavender Drive to Buzzard Roost with 200C 1351 ACSS Martin.","source_id":"21014","doc":"Georgia Power 2025 IRP Vol. 3 (public disclosure): 2024 GA ITS Ten-Year Plan (2025-2034)","page":384,"conf":"low","loc_a":{"name":"BUZZARD ROOST","matched":"Buzzard Roost, Fannin County (approx.)","method":"approximate: Nominatim natural/peak (town/street level, not the substation itself)","confidence":"low","note":""},"loc_b":null,"fix":"","n_overlaps":0,"budget":null,"budget_check":"","best_tier":null,"length_km":null}},{"type":"Feature","geometry":{"type":"Point","coordinates":[-83.38476,33.86055]},"properties":{"id":"GPC_20375","utility":"GPC","name":"GTC: EAST WATKINSVILLE 230 KV STATION MODIFICATION","a":"EAST WATKINSVILLE","b":"","kv":[230],"status":"New Project","start":"2028-06-01","isd":"2030-06-01","window_basis":"published start date","cost":null,"desc":"Replace the 1600A reactors at East Watkinsville on the Russell Dam 230kV line with larger size.","source_id":"20375","doc":"Georgia Power 2025 IRP Vol. 3 (public disclosure): 2024 GA ITS Ten-Year Plan (2025-2034)","page":386,"conf":"high","loc_a":{"name":"EAST WATKINSVILLE","matched":"East Watkinsville Substation","method":"OSM name match (exact)","confidence":"high","note":""},"loc_b":null,"fix":"","n_overlaps":0,"budget":null,"budget_check":"","best_tier":null,"length_km":null}},{"type":"Feature","geometry":{"type":"Point","coordinates":[-81.43066,31.80577]},"properties":{"id":"GPC_21131","utility":"GPC","name":"GTC: POND FORK - MIDWAY 115KV LINE","a":"POND FORK","b":"MIDWAY","kv":[115],"status":"New project","start":"2026-06-01","isd":"2030-06-01","window_basis":"published start date","cost":null,"desc":"GTC: Construct approximately 6 miles of 115kV line with minimum 170C 1351 ACSS conductor from Gillsville Tap Junction to Pond Fork, utilizing the existing GTC owned portion of the North Jackson - Lawrence Smith 46kV ROW. At Pond Fork, install a second 230/115kV 400MVA auto transformer and terminate the Pond Fork - Midway 115kV line.","source_id":"21131","doc":"Georgia Power 2025 IRP Vol. 3 (public disclosure): 2024 GA ITS Ten-Year Plan (2025-2034)","page":387,"conf":"low","loc_a":null,"loc_b":{"name":"MIDWAY","matched":"Midway, Liberty County (approx.)","method":"approximate: Nominatim boundary/administrative (town/street level, not the substation itself)","confidence":"low","note":""},"fix":"","n_overlaps":0,"budget":null,"budget_check":"","best_tier":null,"length_km":null}},{"type":"Feature","geometry":{"type":"Point","coordinates":[-83.21877,33.32764]},"properties":{"id":"GPC_21077","utility":"GPC","name":"GTC: ROCKVILLE - TIGER CREEK -WARTHEN 500KV LINES","a":"ROCKVILLE","b":"TIGER CREEK -WARTHEN LINES","kv":[500],"status":"New project","start":"2024-12-01","isd":"2030-06-01","window_basis":"published start date","cost":null,"desc":"Build the new 500kV line from Rockville to Tiger Creek and Tiger Creek to Warthen, approximately 20 miles and 9 miles long respectively. Build a 500kV yard at Tiger Creek and install a 500/230kV auto transformer. Make all necessary accommodations at Warthen and Rockville for the new 500kV breakers.","source_id":"21077","doc":"Georgia Power 2025 IRP Vol. 3 (public disclosure): 2024 GA ITS Ten-Year Plan (2025-2034)","page":388,"conf":"low","loc_a":{"name":"ROCKVILLE","matched":"Rockville, Putnam County (approx.)","method":"approximate: Nominatim place/hamlet (town/street level, not the substation itself)","confidence":"low","note":""},"loc_b":null,"fix":"","n_overlaps":0,"budget":null,"budget_check":"","best_tier":null,"length_km":null}},{"type":"Feature","geometry":{"type":"LineString","coordinates":[[-84.69217,32.5883],[-84.44022,32.37948]]},"properties":{"id":"GPC_21076","utility":"GPC","name":"GTC: TALBOT #2 - TAZEWELL 500KV LINE","a":"TALBOT","b":"TAZEWELL","kv":[500],"status":"New Project","start":"2024-12-01","isd":"2030-06-01","window_basis":"published start date","cost":null,"desc":"Build a new 500kV line from Tazewell to Talbot #2, approximately 20 miles. Make all necessary accommodations at Tazewell and Talbot #2 for the new 500kV breakers and line termination.","source_id":"21076","doc":"Georgia Power 2025 IRP Vol. 3 (public disclosure): 2024 GA ITS Ten-Year Plan (2025-2034)","page":389,"conf":"low","loc_a":{"name":"TALBOT","matched":"Talbot Energy Power Plant","method":"OSM name match (all name words present)","confidence":"medium","note":""},"loc_b":{"name":"TAZEWELL","matched":"Tazewell, Marion County (approx.)","method":"approximate: Nominatim boundary/census (town/street level, not the substation itself)","confidence":"low","note":""},"fix":"","n_overlaps":0,"budget":null,"budget_check":"","best_tier":null,"length_km":33.13}},{"type":"Feature","geometry":{"type":"LineString","coordinates":[[-82.98158,33.09451],[-83.21877,33.32764]]},"properties":{"id":"GPC_21094","utility":"GPC","name":"GTC: TIGER CREEK-ROCKVILLE-NORTH SPA 230KV PROJECT","a":"TIGER CREEK","b":"ROCKVILLE","kv":[230],"status":"New Project","start":"2025-01-01","isd":"2030-06-01","window_basis":"published start date","cost":null,"desc":"Build a new 4 - breaker 230kV ring bus at Rockville substation (no auto transformer to be added at this time). Loop in the Eatonton Primary #2 - Wallace Dam 230kV line. Build a new line 230kV line to Tiger Creek. Build a new 230kV line to North Spa.","source_id":"21094","doc":"Georgia Power 2025 IRP Vol. 3 (public disclosure): 2024 GA ITS Ten-Year Plan (2025-2034)","page":390,"conf":"low","loc_a":{"name":"TIGER CREEK","matched":"Tiger Creek Substation","method":"OSM name match (exact)","confidence":"high","note":""},"loc_b":{"name":"ROCKVILLE","matched":"Rockville, Putnam County (approx.)","method":"approximate: Nominatim place/hamlet (town/street level, not the substation itself)","confidence":"low","note":""},"fix":"","n_overlaps":0,"budget":null,"budget_check":"","best_tier":null,"length_km":34.04}},{"type":"Feature","geometry":{"type":"LineString","coordinates":[[-83.57948,33.9778],[-83.75313,33.99546]]},"properties":{"id":"GPC_20789","utility":"GPC","name":"JEFFERSON ROAD - WINDER PRIMARY 115KV REBUILD","a":"JEFFERSON ROAD","b":"WINDER PRIMARY","kv":[115],"status":"New Project","start":"2025-06-01","isd":"2030-06-01","window_basis":"published start date","cost":null,"desc":"Rebuild approximately 11 miles of the Jefferson Road - Russell - Richardson Street Junction segments of the Jefferson Road - Winder Primary 115kV line with 200C 1351 ACSS Martin conductor.","source_id":"20789","doc":"Georgia Power 2025 IRP Vol. 3 (public disclosure): 2024 GA ITS Ten-Year Plan (2025-2034)","page":391,"conf":"low","loc_a":{"name":"JEFFERSON ROAD","matched":"Jefferson Rd Substation","method":"OSM name match (fuzzy 0.92)","confidence":"low","note":""},"loc_b":{"name":"WINDER PRIMARY","matched":"Winder Primary Substation","method":"OSM name match (exact)","confidence":"medium","note":""},"fix":"","n_overlaps":0,"budget":null,"budget_check":"","best_tier":null,"length_km":16.13}},{"type":"Feature","geometry":{"type":"Point","coordinates":[-83.22799,30.88165]},"properties":{"id":"GPC_20284","utility":"GPC","name":"KETTLE CREEK PRIMARY - PINE GROVE PRIMARY 115KV REBUILD","a":"KETTLE CREEK PRIMARY","b":"PINE GROVE PRIMARY","kv":[115],"status":"New Project","start":"2026-06-02","isd":"2030-06-01","window_basis":"published start date","cost":null,"desc":"Rebuild approximately 38.04 miles of 50C 4/0 ACSR conductor from the Pine Grove to the Pearson tap using 200C 1351 ACSS conductor.","source_id":"20284","doc":"Georgia Power 2025 IRP Vol. 3 (public disclosure): 2024 GA ITS Ten-Year Plan (2025-2034)","page":392,"conf":"medium","loc_a":null,"loc_b":{"name":"PINE GROVE PRIMARY","matched":"Pine Grove Primary Substation","method":"OSM name match (exact)","confidence":"high","note":""},"fix":"","n_overlaps":0,"budget":null,"budget_check":"","best_tier":null,"length_km":null}},{"type":"Feature","geometry":{"type":"LineString","coordinates":[[-83.34612,33.9764],[-82.67084,33.40645]]},"properties":{"id":"GPC_21118","utility":"GPC","name":"MEAG: ATHENA - WARRENTON 230KV CONVERSION","a":"ATHENA","b":"WARRENTON","kv":[230],"status":"New Project","start":"2025-06-01","isd":"2030-06-01","window_basis":"published start date","cost":null,"desc":"Reconductor/rebuild and convert the 115kV lines from Athena - Union Point - Ray Place Road - Warrenton Primary to 230kV operation. Expand Athena 230kV bus for new line termination, construct 230kV bus at Union Point, and expand 230kV bus at Warrenton Primary for new line termination. Install 230/115kV auto transformers at Union Point Primary and Ray Place Road. Replace limiting network equipment at substations along the line.","source_id":"21118","doc":"Georgia Power 2025 IRP Vol. 3 (public disclosure): 2024 GA ITS Ten-Year Plan (2025-2034)","page":393,"conf":"medium","loc_a":{"name":"ATHENA","matched":"Athena Substation","method":"OSM name match (exact)","confidence":"high","note":""},"loc_b":{"name":"WARRENTON","matched":"Warrenton Substation","method":"OSM name match (exact)","confidence":"medium","note":""},"fix":"","n_overlaps":0,"budget":null,"budget_check":"","best_tier":null,"length_km":88.99}},{"type":"Feature","geometry":{"type":"Point","coordinates":[-83.35273,34.58095]},"properties":{"id":"GPC_19995","utility":"GPC","name":"TALLULAH LODGE - TOCCOA 115 KV REBUILD","a":"TALLULAH LODGE","b":"TOCCOA","kv":[115],"status":"New Project","start":"2025-12-31","isd":"2030-06-01","window_basis":"published start date","cost":null,"desc":"Rebuild the Tallulah Lodge - Toccoa 115kV Line with 100C 795 ACSR conductor (total of 10.3 miles). Replace limiting elements at Tallulah Lodge and Toccoa.","source_id":"19995","doc":"Georgia Power 2025 IRP Vol. 3 (public disclosure): 2024 GA ITS Ten-Year Plan (2025-2034)","page":396,"conf":"medium","loc_a":null,"loc_b":{"name":"TOCCOA","matched":"Toccoa Primary Substation","method":"OSM name match (exact (ignoring qualifiers))","confidence":"high","note":""},"fix":"","n_overlaps":0,"budget":null,"budget_check":"","best_tier":null,"length_km":null}},{"type":"Feature","geometry":{"type":"Point","coordinates":[-84.32796,32.8948]},"properties":{"id":"GPC_20160","utility":"GPC","name":"THOMASTON 230 NEW BUILD SUB","a":"THOMASTON 230","b":"","kv":[],"status":"New Project","start":"2026-01-01","isd":"2030-11-01","window_basis":"published start date","cost":null,"desc":"Replace Thomaston 230/115kV 285MVA auto transformers C and D with 400MVA auto transformers. Install high side breakers to meet the 230kV bus differential standards and redesign 230kV bus to a breaker and a half configuration.","source_id":"20160","doc":"Georgia Power 2025 IRP Vol. 3 (public disclosure): 2024 GA ITS Ten-Year Plan (2025-2034)","page":398,"conf":"low","loc_a":{"name":"THOMASTON 230","matched":"230, Georgia Avenue (approx.)","method":"approximate: Nominatim place/house (town/street level, not the substation itself)","confidence":"low","note":""},"loc_b":null,"fix":"","n_overlaps":0,"budget":null,"budget_check":"","best_tier":null,"length_km":null}},{"type":"Feature","geometry":{"type":"Point","coordinates":[-84.56699,30.91255]},"properties":{"id":"GPC_18848","utility":"GPC","name":"BAINBRIDGE TRANSMISSION: EAST RIVER ROAD, EAST BAINBRIDGE","a":"BAINBRIDGE","b":"","kv":[],"status":"New Project","start":"2023-06-01","isd":"2030-12-31","window_basis":"published start date","cost":null,"desc":"This project will construct a new 115kV breaker and a half substation a mile north of the East Bainbridge substation. East Bainbridge will be simplified to a 115kV straight bus with two transmission lines for service to load, a generation interconnection point and a capacitor bank.","source_id":"18848","doc":"Georgia Power 2025 IRP Vol. 3 (public disclosure): 2024 GA ITS Ten-Year Plan (2025-2034)","page":399,"conf":"high","loc_a":{"name":"BAINBRIDGE","matched":"Bainbridge Substation","method":"OSM name match (exact)","confidence":"high","note":""},"loc_b":null,"fix":"","n_overlaps":0,"budget":null,"budget_check":"","best_tier":null,"length_km":null}},{"type":"Feature","geometry":{"type":"LineString","coordinates":[[-84.46297,33.67635],[-84.50907,33.55317]]},"properties":{"id":"GPC_20690","utility":"GPC","name":"EAST POINT - UNION CITY (WHITE) 230KV REBUILD","a":"EAST POINT","b":"UNION CITY","kv":[230],"status":"New Project","start":"2028-06-01","isd":"2031-05-01","window_basis":"published start date","cost":null,"desc":"Rebuild 5.49 miles of 100C 1590.0 ACSR Lapwing with 200C 1351.5 ACSS Martin 230kV line from Welcome All to Union City on the East Point - Union City 230kV line.","source_id":"20690","doc":"Georgia Power 2025 IRP Vol. 3 (public disclosure): 2024 GA ITS Ten-Year Plan (2025-2034)","page":401,"conf":"medium","loc_a":{"name":"EAST POINT","matched":"East Point Primary Substation","method":"OSM name match (exact (ignoring qualifiers))","confidence":"high","note":""},"loc_b":{"name":"UNION CITY","matched":"Union Substation","method":"OSM name match (exact (ignoring qualifiers))","confidence":"medium","note":""},"fix":"","n_overlaps":0,"budget":null,"budget_check":"","best_tier":null,"length_km":14.35}},{"type":"Feature","geometry":{"type":"LineString","coordinates":[[-84.38576,34.21699],[-84.28341,34.17419]]},"properties":{"id":"GPC_19632","utility":"GPC","name":"AVERY - HOPEWELL 115KV RECONDUCTOR","a":"AVERY","b":"HOPEWELL","kv":[115],"status":"New Project","start":"2028-01-01","isd":"2031-06-01","window_basis":"published start date","cost":null,"desc":"Reconductor the Hopewell to Birmingham line section (approximately 3.3 miles) on the Avery - Hopewell 115kV line with 100C 1033 ACSR conductor. Replace jumper at Birmingham with 1590 AAC jumper.","source_id":"19632","doc":"Georgia Power 2025 IRP Vol. 3 (public disclosure): 2024 GA ITS Ten-Year Plan (2025-2034)","page":402,"conf":"high","loc_a":{"name":"AVERY","matched":"Avery Substation","method":"OSM name match (exact)","confidence":"high","note":""},"loc_b":{"name":"HOPEWELL","matched":"Hopewell Substation","method":"OSM name match (exact)","confidence":"high","note":""},"fix":"","n_overlaps":0,"budget":null,"budget_check":"","best_tier":null,"length_km":10.55}},{"type":"Feature","geometry":{"type":"Point","coordinates":[-84.92233,34.12158]},"properties":{"id":"GPC_10811","utility":"GPC","name":"BOWEN #10 500/230KV AUTOBANK REPLACEMENT","a":"BOWEN","b":"","kv":[500,230],"status":"New Project","start":"2025-06-01","isd":"2031-06-01","window_basis":"published start date","cost":null,"desc":"Replace the existing Bowen #10 1350 MVA 500/230kV auto transformer with a 2016 MVA 500/230kV auto transformer.","source_id":"10811","doc":"Georgia Power 2025 IRP Vol. 3 (public disclosure): 2024 GA ITS Ten-Year Plan (2025-2034)","page":403,"conf":"high","loc_a":{"name":"BOWEN","matched":"Bowen Substation","method":"OSM name match (exact)","confidence":"high","note":""},"loc_b":null,"fix":"","n_overlaps":0,"budget":null,"budget_check":"","best_tier":null,"length_km":null}},{"type":"Feature","geometry":{"type":"LineString","coordinates":[[-82.35297,31.93168],[-82.39747,32.80856]]},"properties":{"id":"GPC_20756","utility":"GPC","name":"HATCH - WADLEY 500 KV LINE STRATEGIC PROJECT","a":"HATCH","b":"WADLEY","kv":[500],"status":"New Project","start":"2024-07-03","isd":"2031-06-01","window_basis":"published start date","cost":null,"desc":"Construct a new 500kV line from Hatch - Wadley Primary.","source_id":"20756","doc":"Georgia Power 2025 IRP Vol. 3 (public disclosure): 2024 GA ITS Ten-Year Plan (2025-2034)","page":404,"conf":"medium","loc_a":{"name":"HATCH","matched":"Hatch Site Substation #1","method":"OSM name match (exact)","confidence":"high","note":""},"loc_b":{"name":"WADLEY","matched":"Wadley #4 Substation","method":"OSM name match (exact)","confidence":"medium","note":""},"fix":"","n_overlaps":0,"budget":null,"budget_check":"","best_tier":null,"length_km":97.59}},{"type":"Feature","geometry":{"type":"Point","coordinates":[-83.39603,31.77757]},"properties":{"id":"GPC_21114","utility":"GPC","name":"MEAG: SOUTH GRIFFIN 230/115KV BANK #5","a":"SOUTH GRIFFIN","b":"","kv":[230,115],"status":"New Project","start":"2030-06-01","isd":"2032-06-01","window_basis":"published start date","cost":null,"desc":"Replace 230/115kV 285MVA auto transformer #5 with 230/115kV 400MVA auto transformer at South Griffin.","source_id":"21114","doc":"Georgia Power 2025 IRP Vol. 3 (public disclosure): 2024 GA ITS Ten-Year Plan (2025-2034)","page":406,"conf":"low","loc_a":{"name":"SOUTH GRIFFIN","matched":"Alvin Griffin Irrigation Pond Dam South, Ben Hill County (approx.)","method":"approximate: Nominatim waterway/dam (town/street level, not the substation itself)","confidence":"low","note":""},"loc_b":null,"fix":"","n_overlaps":0,"budget":null,"budget_check":"","best_tier":null,"length_km":null}},{"type":"Feature","geometry":{"type":"LineString","coordinates":[[-81.22691,32.10772],[-81.36838,32.15528]]},"properties":{"id":"GPC_20784","utility":"GPC","name":"SAV: COLEMAN - MELDRIM 115KV LINE REBUILD","a":"COLEMAN","b":"MELDRIM","kv":[115],"status":"New Project","start":"2029-06-01","isd":"2032-06-01","window_basis":"published start date","cost":null,"desc":"Rebuild 3 miles of the Coleman - Meldrim 115kV line from Four Lakes to Meldrim with 200C 1351 ACSS.","source_id":"20784","doc":"Georgia Power 2025 IRP Vol. 3 (public disclosure): 2024 GA ITS Ten-Year Plan (2025-2034)","page":407,"conf":"medium","loc_a":{"name":"COLEMAN","matched":"Coleman Substation","method":"OSM name match (exact)","confidence":"medium","note":""},"loc_b":{"name":"MELDRIM","matched":"Meldrim Substation","method":"OSM name match (exact)","confidence":"high","note":""},"fix":"","n_overlaps":4,"budget":null,"budget_check":"","best_tier":4,"length_km":14.33}},{"type":"Feature","geometry":{"type":"Point","coordinates":[-83.69888,32.92722]},"properties":{"id":"GPC_20767","utility":"GPC","name":"ARKWRIGHT BUS AND JUMPER REPLACEMENT","a":"ARKWRIGHT","b":"","kv":[],"status":"New Project","start":"2029-06-01","isd":"2033-06-01","window_basis":"published start date","cost":null,"desc":"Replace the 115kV bus at Arkwright with higher rating and replace the jumper on the Arkwright - Forrest Rd (Macon) 115kV line with at least 1590AAC.","source_id":"20767","doc":"Georgia Power 2025 IRP Vol. 3 (public disclosure): 2024 GA ITS Ten-Year Plan (2025-2034)","page":408,"conf":"low","loc_a":{"name":"ARKWRIGHT","matched":"Arkwight Substation","method":"OSM name match (fuzzy 0.94)","confidence":"low","note":""},"loc_b":null,"fix":"","n_overlaps":0,"budget":null,"budget_check":"","best_tier":null,"length_km":null}},{"type":"Feature","geometry":{"type":"LineString","coordinates":[[-83.88235,33.86812],[-84.01769,33.66761]]},"properties":{"id":"GPC_20758","utility":"GPC","name":"BAY CREEK - CONYERS 230KV LIMITING ELEMENT REPLACEMENT","a":"BAY CREEK","b":"CONYERS","kv":[230],"status":"New Project","start":"2031-06-01","isd":"2033-06-01","window_basis":"published start date","cost":null,"desc":"Replace equipment such as jumpers, switches, and traps at the Bay Creek, Rockdale, and Conyers substations with equipment capable of carrying 3000A.","source_id":"20758","doc":"Georgia Power 2025 IRP Vol. 3 (public disclosure): 2024 GA ITS Ten-Year Plan (2025-2034)","page":409,"conf":"low","loc_a":{"name":"BAY CREEK","matched":"Bay Creek Substation","method":"OSM name match (exact)","confidence":"high","note":""},"loc_b":{"name":"CONYERS","matched":"Conyers, Rockdale County (approx.)","method":"approximate: Nominatim boundary/administrative (town/street level, not the substation itself)","confidence":"low","note":""},"fix":"","n_overlaps":0,"budget":null,"budget_check":"","best_tier":null,"length_km":25.57}},{"type":"Feature","geometry":{"type":"LineString","coordinates":[[-82.16865,33.54399],[-82.19593,33.66013]]},"properties":{"id":"GPC_20793","utility":"GPC","name":"EVANS PRIMARY - THURMOND DAM (USA) #5 115KV REBUILD","a":"EVANS PRIMARY","b":"THURMOND DAM (USA) #5","kv":[115],"status":"New Project","start":"2029-06-01","isd":"2033-06-01","window_basis":"published start date","cost":null,"desc":"Rebuild approximately 5.45 miles of Euchee Creek - Thurmond Dam segment of the Evans Primary - Thurmond Dam (USA) #5 115kV line with 200C 1351 ACSS Martin conductor. Replace the main bus with a larger element at Thurmond Dam (USA).","source_id":"20793","doc":"Georgia Power 2025 IRP Vol. 3 (public disclosure): 2024 GA ITS Ten-Year Plan (2025-2034)","page":410,"conf":"high","loc_a":{"name":"EVANS PRIMARY","matched":"Evans Primary Substation","method":"OSM name match (exact)","confidence":"high","note":""},"loc_b":{"name":"THURMOND DAM (USA) #5","matched":"Thurmond Substation","method":"OSM name match (exact (ignoring qualifiers))","confidence":"high","note":""},"fix":"","n_overlaps":5,"budget":null,"budget_check":"","best_tier":1,"length_km":13.16}},{"type":"Feature","geometry":{"type":"LineString","coordinates":[[-82.16865,33.54399],[-82.19593,33.66013]]},"properties":{"id":"GPC_20794","utility":"GPC","name":"EVANS PRIMARY - THURMOND DAM (USA) #6 115KV REBUILD","a":"EVANS PRIMARY","b":"THURMOND DAM (USA) #6","kv":[115],"status":"New Project","start":"2030-06-01","isd":"2033-06-01","window_basis":"published start date","cost":null,"desc":"Rebuild approximately 8.9 miles of the Evans Primary - Thurmond Dam (USA) #6 115kV line with 200C 1351 ACSS Martin conductor. Replace the main bus with a larger element at Thurmond Dam (USA).","source_id":"20794","doc":"Georgia Power 2025 IRP Vol. 3 (public disclosure): 2024 GA ITS Ten-Year Plan (2025-2034)","page":411,"conf":"high","loc_a":{"name":"EVANS PRIMARY","matched":"Evans Primary Substation","method":"OSM name match (exact)","confidence":"high","note":""},"loc_b":{"name":"THURMOND DAM (USA) #6","matched":"Thurmond Substation","method":"OSM name match (exact (ignoring qualifiers))","confidence":"high","note":""},"fix":"","n_overlaps":5,"budget":null,"budget_check":"","best_tier":1,"length_km":13.16}},{"type":"Feature","geometry":{"type":"LineString","coordinates":[[-83.39809,34.05344],[-83.49822,34.04122]]},"properties":{"id":"GPC_12217","utility":"GPC","name":"GTC: CENTER PRIMARY - CLARKSBORO 230 KV REBUILD","a":"CENTER PRIMARY","b":"CLARKSBORO","kv":[230],"status":"New Project","start":"2028-06-01","isd":"2033-06-01","window_basis":"published start date","cost":null,"desc":"GTC to rebuild the Center Primary \u2013 Clarksboro Primary 230kV line (approx. 8.3 miles) with 200C 1351 ACSS conductor.","source_id":"12217","doc":"Georgia Power 2025 IRP Vol. 3 (public disclosure): 2024 GA ITS Ten-Year Plan (2025-2034)","page":412,"conf":"low","loc_a":{"name":"CENTER PRIMARY","matched":"Center Primary Substation","method":"OSM name match (exact)","confidence":"high","note":""},"loc_b":{"name":"CLARKSBORO","matched":"Clarksboro, Jackson County (approx.)","method":"approximate: Nominatim place/hamlet (town/street level, not the substation itself)","confidence":"low","note":""},"fix":"","n_overlaps":0,"budget":null,"budget_check":"","best_tier":null,"length_km":9.32}},{"type":"Feature","geometry":{"type":"LineString","coordinates":[[-83.49822,34.04122],[-83.75313,33.99546]]},"properties":{"id":"GPC_20773","utility":"GPC","name":"GTC: CLARKSBORO - WINDER PRIMARY 230KV REBUILD","a":"CLARKSBORO","b":"WINDER PRIMARY","kv":[230],"status":"New Project","start":"2029-06-01","isd":"2033-06-01","window_basis":"published start date","cost":null,"desc":"Rebuild approximately 14 miles of the Clarksboro - Winder 230kV line with 200C 1351 ACSS conductor.","source_id":"20773","doc":"Georgia Power 2025 IRP Vol. 3 (public disclosure): 2024 GA ITS Ten-Year Plan (2025-2034)","page":413,"conf":"low","loc_a":{"name":"CLARKSBORO","matched":"Clarksboro, Jackson County (approx.)","method":"approximate: Nominatim place/hamlet (town/street level, not the substation itself)","confidence":"low","note":""},"loc_b":{"name":"WINDER PRIMARY","matched":"Winder Primary Substation","method":"OSM name match (exact)","confidence":"medium","note":""},"fix":"","n_overlaps":0,"budget":null,"budget_check":"","best_tier":null,"length_km":24.04}},{"type":"Feature","geometry":{"type":"LineString","coordinates":[[-83.67933,33.67415],[-84.04812,33.83887]]},"properties":{"id":"GPC_12147","utility":"GPC","name":"GTC: EAST SOCIAL CIRCLE - SNELLVILLE 230KV EQUIPMENT UPGRADE","a":"EAST SOCIAL CIRCLE","b":"SNELLVILLE","kv":[230],"status":"New Project","start":"2030-06-01","isd":"2033-06-01","window_basis":"published start date","cost":null,"desc":"Replace the 1200A switches at Snellville Primary with 3000A. Also, replace the 1200A line trap and switches at East Social Circle with 3000A on the East Social Circle - Snellville 230kV line.","source_id":"12147","doc":"Georgia Power 2025 IRP Vol. 3 (public disclosure): 2024 GA ITS Ten-Year Plan (2025-2034)","page":414,"conf":"high","loc_a":{"name":"EAST SOCIAL CIRCLE","matched":"East Social Circle Substation","method":"OSM name match (exact)","confidence":"high","note":""},"loc_b":{"name":"SNELLVILLE","matched":"Snellville Substation","method":"OSM name match (exact)","confidence":"high","note":""},"fix":"","n_overlaps":0,"budget":null,"budget_check":"","best_tier":null,"length_km":38.7}},{"type":"Feature","geometry":{"type":"Point","coordinates":[-83.35861,34.42254]},"properties":{"id":"GPC_21075","utility":"GPC","name":"GTC: EAST WALTON - MIDDLE FORK 500KV","a":"EAST WALTON","b":"MIDDLE FORK","kv":[500],"status":"New Project","start":"2024-12-01","isd":"2033-06-01","window_basis":"published start date","cost":null,"desc":"Construct a new 500kV line from East Walton to Middle Fork, approximately 45 miles long. Make all necessary accommodations for new 500kV breakers at East Walton and Middle Fork substations.","source_id":"21075","doc":"Georgia Power 2025 IRP Vol. 3 (public disclosure): 2024 GA ITS Ten-Year Plan (2025-2034)","page":415,"conf":"low","loc_a":null,"loc_b":{"name":"MIDDLE FORK","matched":"Middle Fork Broad River, Franklin County (approx.)","method":"approximate: Nominatim waterway/river (town/street level, not the substation itself)","confidence":"low","note":""},"fix":"","n_overlaps":0,"budget":null,"budget_check":"","best_tier":null,"length_km":null}},{"type":"Feature","geometry":{"type":"LineString","coordinates":[[-83.64027,33.87113],[-83.80258,34.21861]]},"properties":{"id":"GPC_20791","utility":"GPC","name":"GTC: SHOAL CREEK - SOUTH HALL 230KV REBUILD","a":"SHOAL CREEK","b":"SOUTH HALL","kv":[230],"status":"New Project","start":"2029-06-01","isd":"2033-06-01","window_basis":"published start date","cost":null,"desc":"Rebuild approximately 7.9 miles of South Hall - Chestnut Mountain - Spout Springs Road segments of the Shoal Creek - South Hall 230kV line with 200C 1351 ACSS conductor. Also, replace 1 - AAC 1590 jumpers at South Hall with 2 - AAC 1590.","source_id":"20791","doc":"Georgia Power 2025 IRP Vol. 3 (public disclosure): 2024 GA ITS Ten-Year Plan (2025-2034)","page":416,"conf":"low","loc_a":{"name":"SHOAL CREEK","matched":"Shoal Creek, Bradley (approx.)","method":"approximate: Nominatim waterway/river (town/street level, not the substation itself)","confidence":"low","note":""},"loc_b":{"name":"SOUTH HALL","matched":"South Hall Substation","method":"OSM name match (exact)","confidence":"high","note":""},"fix":"","n_overlaps":0,"budget":null,"budget_check":"","best_tier":null,"length_km":41.43}},{"type":"Feature","geometry":{"type":"LineString","coordinates":[[-83.8738,34.27288],[-83.64027,33.87113]]},"properties":{"id":"GPC_21053","utility":"GPC","name":"MCEVER ROAD - SHOAL CREEK 115KV REBUILD","a":"MCEVER ROAD","b":"SHOAL CREEK","kv":[115],"status":"New Project","start":"2030-06-01","isd":"2033-06-01","window_basis":"published start date","cost":null,"desc":"Rebuild the 2 - 4/0 copper part (approximately 2.9 miles) of the Gainesville Ferry - Lakeside WTP A line section, part of the McEver Road - Shoal Creek 115kV line, using 200C 1351 ACSS conductor.","source_id":"21053","doc":"Georgia Power 2025 IRP Vol. 3 (public disclosure): 2024 GA ITS Ten-Year Plan (2025-2034)","page":417,"conf":"low","loc_a":{"name":"MCEVER ROAD","matched":"McEver Road Substation","method":"OSM name match (exact)","confidence":"high","note":""},"loc_b":{"name":"SHOAL CREEK","matched":"Shoal Creek, Bradley (approx.)","method":"approximate: Nominatim waterway/river (town/street level, not the substation itself)","confidence":"low","note":""},"fix":"","n_overlaps":0,"budget":null,"budget_check":"","best_tier":null,"length_km":49.58}},{"type":"Feature","geometry":{"type":"LineString","coordinates":[[-84.33701,34.32645],[-83.48822,34.45843]]},"properties":{"id":"GPC_09661","utility":"GPC","name":"MCGRAU FORD - MIDDLE FORK 500KV LINE PROJECT","a":"MCGRAU FORD","b":"MIDDLE FORK","kv":[500],"status":"New Project","start":"2026-06-01","isd":"2033-06-01","window_basis":"published start date","cost":null,"desc":"Construct a new approximately 64 mile 500kV line from McGrau Ford to Middle Fork.","source_id":"09661","doc":"Georgia Power 2025 IRP Vol. 3 (public disclosure): 2024 GA ITS Ten-Year Plan (2025-2034)","page":418,"conf":"low","loc_a":{"name":"MCGRAU FORD","matched":"McGrau Ford Substation","method":"OSM name match (exact)","confidence":"high","note":""},"loc_b":{"name":"MIDDLE FORK","matched":"Middle Fork Broad River Structure Six Dam, Banks County (approx.)","method":"approximate: Nominatim waterway/dam (town/street level, not the substation itself)","confidence":"low","note":""},"fix":"","n_overlaps":0,"budget":null,"budget_check":"","best_tier":null,"length_km":79.25}},{"type":"Feature","geometry":{"type":"Point","coordinates":[-81.36838,32.15528]},"properties":{"id":"GPC_20796","utility":"GPC","name":"SAV: MELDRIM BANK D REPLACEMENT","a":"MELDRIM","b":"","kv":[],"status":"New Project","start":"2030-06-01","isd":"2033-06-01","window_basis":"published start date","cost":null,"desc":"Replace 300 MVA 230/115kV Bank D with 400 MVA Bank.","source_id":"20796","doc":"Georgia Power 2025 IRP Vol. 3 (public disclosure): 2024 GA ITS Ten-Year Plan (2025-2034)","page":419,"conf":"high","loc_a":{"name":"MELDRIM","matched":"Meldrim Substation","method":"OSM name match (exact)","confidence":"high","note":""},"loc_b":null,"fix":"","n_overlaps":4,"budget":null,"budget_check":"","best_tier":4,"length_km":null}},{"type":"Feature","geometry":{"type":"Point","coordinates":[-82.41422,33.45396]},"properties":{"id":"GPC_14222","utility":"GPC","name":"THOMSON PRIMARY 230/115KV SECOND TRANSFORMER","a":"THOMSON PRIMARY","b":"","kv":[230,115],"status":"New Project","start":"2025-08-01","isd":"2033-06-01","window_basis":"published start date","cost":null,"desc":"Install a second 400 MVA, 230/115kV auto transformer at Thomson Primary substation.","source_id":"14222","doc":"Georgia Power 2025 IRP Vol. 3 (public disclosure): 2024 GA ITS Ten-Year Plan (2025-2034)","page":420,"conf":"medium","loc_a":{"name":"THOMSON PRIMARY","matched":"Thomson Primary Substation","method":"OSM name match (exact)","confidence":"medium","note":""},"loc_b":null,"fix":"","n_overlaps":3,"budget":null,"budget_check":"","best_tier":4,"length_km":null}},{"type":"Feature","geometry":{"type":"Point","coordinates":[-83.75313,33.99546]},"properties":{"id":"GPC_20759","utility":"GPC","name":"WINDER PRIMARY 230KV BUS 1-2 PARALLEL BUS-TIE INSTALLATION","a":"WINDER PRIMARY","b":"","kv":[230],"status":"New Project","start":"2031-06-01","isd":"2033-06-01","window_basis":"published start date","cost":null,"desc":"Install a 2nd 230kV bus - tie breaker at the Winder Primary Station.","source_id":"20759","doc":"Georgia Power 2025 IRP Vol. 3 (public disclosure): 2024 GA ITS Ten-Year Plan (2025-2034)","page":421,"conf":"medium","loc_a":{"name":"WINDER PRIMARY","matched":"Winder Primary Substation","method":"OSM name match (exact)","confidence":"medium","note":""},"loc_b":null,"fix":"","n_overlaps":0,"budget":null,"budget_check":"","best_tier":null,"length_km":null}},{"type":"Feature","geometry":{"type":"LineString","coordinates":[[-83.22799,30.88165],[-83.25434,30.84606]]},"properties":{"id":"GPC_10487","utility":"GPC","name":"PINE GROVE PRIMARY - WEST VALDOSTA 115 KV RECONDUCTOR","a":"PINE GROVE PRIMARY","b":"WEST VALDOSTA","kv":[115],"status":"New Project","start":"2029-12-31","isd":"2033-12-31","window_basis":"published start date","cost":null,"desc":"Rebuild 3.7 miles of 100C 4/0 ACSR conductor with 200C 795 ACSS Drake on the Bemis - Pine Grove Primary section of the Pine Grove Primary - West Valdosta 115kV line.","source_id":"10487","doc":"Georgia Power 2025 IRP Vol. 3 (public disclosure): 2024 GA ITS Ten-Year Plan (2025-2034)","page":422,"conf":"low","loc_a":{"name":"PINE GROVE PRIMARY","matched":"Pine Grove Primary Substation","method":"OSM name match (exact)","confidence":"high","note":""},"loc_b":{"name":"WEST VALDOSTA","matched":"East Valdosta Substation","method":"OSM name match (fuzzy 0.92)","confidence":"low","note":""},"fix":"","n_overlaps":0,"budget":null,"budget_check":"","best_tier":null,"length_km":4.69}},{"type":"Feature","geometry":{"type":"LineString","coordinates":[[-84.13358,34.37812],[-83.80967,34.26302]]},"properties":{"id":"GPC_18700","utility":"GPC","name":"DAWSON CROSSING - GAINESVILLE #1 115 KV","a":"DAWSON CROSSING","b":"GAINESVILLE","kv":[115],"status":"New Project","start":"2032-06-01","isd":"2034-06-01","window_basis":"published start date","cost":null,"desc":"Replace the 500CU main bus at Gainesville #1 115kV with 3\" Sch 40 AL Tube.","source_id":"18700","doc":"Georgia Power 2025 IRP Vol. 3 (public disclosure): 2024 GA ITS Ten-Year Plan (2025-2034)","page":423,"conf":"medium","loc_a":{"name":"DAWSON CROSSING","matched":"Dawson Crossing Substation","method":"OSM name match (exact)","confidence":"high","note":""},"loc_b":{"name":"GAINESVILLE","matched":"Gainesville Substation #2","method":"OSM name match (exact)","confidence":"medium","note":""},"fix":"","n_overlaps":0,"budget":null,"budget_check":"","best_tier":null,"length_km":32.38}},{"type":"Feature","geometry":{"type":"Point","coordinates":[-81.25315,32.00679]},"properties":{"id":"GPC_20787","utility":"GPC","name":"SAV: LITTLE OGEECHEE 230/115KV BANK REPLACEMENT","a":"LITTLE OGEECHEE","b":"","kv":[230,115],"status":"New Project","start":"2030-06-01","isd":"2034-06-01","window_basis":"published start date","cost":null,"desc":"Replace SATX 280MVA auto transformer with 400MVA auto transformer.","source_id":"20787","doc":"Georgia Power 2025 IRP Vol. 3 (public disclosure): 2024 GA ITS Ten-Year Plan (2025-2034)","page":424,"conf":"high","loc_a":{"name":"LITTLE OGEECHEE","matched":"Little Ogeechee Substation","method":"OSM name match (exact)","confidence":"high","note":""},"loc_b":null,"fix":"","n_overlaps":1,"budget":null,"budget_check":"","best_tier":4,"length_km":null}},{"type":"Feature","geometry":{"type":"LineString","coordinates":[[-82.16865,33.54399],[-82.41422,33.45396]]},"properties":{"id":"GPC_17993","utility":"GPC","name":"EVANS PRIMARY - THOMSON PRIMARY 115KV REBUILD","a":"EVANS PRIMARY","b":"THOMSON PRIMARY","kv":[115],"status":"New Project","start":"2031-01-01","isd":"2034-12-31","window_basis":"published start date","cost":null,"desc":"Rebuild the existing 100C 336 ACSR conductor for the Thomson Primary to Pumpkin Center 115kV line section (approximately 5.28 miles), part of the Evans Primary - Thomson Primary 115kV line with 200C 1351 ACSS Martin conductor.","source_id":"17993","doc":"Georgia Power 2025 IRP Vol. 3 (public disclosure): 2024 GA ITS Ten-Year Plan (2025-2034)","page":425,"conf":"medium","loc_a":{"name":"EVANS PRIMARY","matched":"Evans Primary Substation","method":"OSM name match (exact)","confidence":"high","note":""},"loc_b":{"name":"THOMSON PRIMARY","matched":"Thomson Primary Substation","method":"OSM name match (exact)","confidence":"medium","note":""},"fix":"","n_overlaps":5,"budget":null,"budget_check":"","best_tier":4,"length_km":24.87}}]}